CountryName,CountryCode,Indicator Name,Indicator Code,1960,1961,1962,1963,1964,1965,1966,1967,1968,1969,1970,1971,1972,1973,1974,1975,1976,1977,1978,1979,1980,1981,1982,1983,1984,1985,1986,1987,1988,1989,1990,1991,1992,1993,1994,1995,1996,1997,1998,1999,2000,2001,2002,2003,2004,2005,2006,2007,2008,2009,2010,2011,2012,2013
Aruba,ABW,Health expenditure per capita (current US$),SH.XPD.PCAP,,,,,,,,,,,,,,,,,,,,,,,,,,,,,,,,,,,,,,,,,,,,,,,,,,,,,,
Andorra,AND,Health expenditure per capita (current US$),SH.XPD.PCAP,,,,,,,,,,,,,,,,,,,,,,,,,,,,,,,,,,,,1364.673364,1477.911825,1475.56499,1882.973266,1422.926685,1318.127838,1264.342384,1438.787337,1809.524054,2092.631712,2259.836608,2569.392747,3019.280185,3114.592887,2870.095347,3185.533817,3386.772292,3413.940555,2947.964163
Afghanistan,AFG,Health expenditure per capita (current US$),SH.XPD.PCAP,,,,,,,,,,,,,,,,,,,,,,,,,,,,,,,,,,,,,,,,,,,15.80370424,19.85694356,21.51116885,23.31430901,25.16211067,33.16569259,38.28061081,38.49537496,47.87693003,53.58555953,57.70713719,48.67393808
Angola,AGO,Health expenditure per capita (current US$),SH.XPD.PCAP,,,,,,,,,,,,,,,,,,,,,,,,,,,,,,,,,,,,20.32175596,18.05826968,27.37973011,23.08175434,18.716962,22.23033354,36.16068064,33.4846072,44.6218778,63.38667409,70.95815417,110.8641336,115.4560619,176.7233673,174.3292481,143.7824605,177.6002269,190.4623683,267.2242988
Albania,ALB,Health expenditure per capita (current US$),SH.XPD.PCAP,,,,,,,,,,,,,,,,,,,,,,,,,,,,,,,,,,,,69.00303792,67.02745627,49.14586021,57.15239156,71.30405143,69.84439276,74.81051753,88.36823776,109.2460057,147.6954281,159.6879846,169.1486637,207.5402917,239.8562953,221.0061804,200.4417924,234.0568553,220.428729,239.5770924
Arab World,ARB,Health expenditure per capita (current US$),SH.XPD.PCAP,,,,,,,,,,,,,,,,,,,,,,,,,,,,,,,,,,,,87.40582104,85.77465931,90.88570036,92.21514575,100.0225246,106.7849064,109.9190592,110.624203,115.3210433,127.2291099,139.9384416,160.896018,187.1562971,220.7671956,241.345416,247.1461986,282.0015032,321.7312567,315.6186354
United Arab Emirates,ARE,Health expenditure per capita (current US$),SH.XPD.PCAP,,,,,,,,,,,,,,,,,,,,,,,,,,,,,,,,,,,,738.6457296,732.2030666,751.5186387,721.109439,722.8906426,753.4494892,819.4315896,925.6751828,976.6887422,994.810266,1010.083754,1060.198194,1104.811894,1238.060979,1204.588467,1154.372348,1224.689695,1235.310615,1568.963441
Argentina,ARG,Health expenditure per capita (current US$),SH.XPD.PCAP,,,,,,,,,,,,,,,,,,,,,,,,,,,,,,,,,,,,615.8028058,619.5363578,686.4308092,707.0404491,726.7585886,709.862355,676.228653,225.4645474,280.4203586,327.2996757,394.8376406,453.7044059,547.9923033,685.8287279,725.7401641,754.1795655,869.8775858,994.2932556,1074.066944
Armenia,ARM,Health expenditure per capita (current US$),SH.XPD.PCAP,,,,,,,,,,,,,,,,,,,,,,,,,,,,,,,,,,,,25.62249443,29.14083557,30.12181086,34.98812191,33.89211786,38.82927307,41.12761409,41.99431803,51.5155733,65.49781976,86.10079034,98.19963503,133.9813006,149.2596643,132.4258576,143.0644235,127.1714954,150.3955574,158.6215569
American Samoa,ASM,Health expenditure per capita (current US$),SH.XPD.PCAP,,,,,,,,,,,,,,,,,,,,,,,,,,,,,,,,,,,,,,,,,,,,,,,,,,,,,,
Antigua and Barbuda,ATG,Health expenditure per capita (current US$),SH.XPD.PCAP,,,,,,,,,,,,,,,,,,,,,,,,,,,,,,,,,,,,355.6510531,359.1391921,375.8499339,388.8800676,403.164374,419.5088172,442.9079633,435.0508607,456.4927672,468.3894867,538.0132428,590.2586115,662.434632,747.1646384,685.1045642,733.8083641,723.5946034,726.9285248,665.260099
Australia,AUS,Health expenditure per capita (current US$),SH.XPD.PCAP,,,,,,,,,,,,,,,,,,,,,,,,,,,,,,,,,,,,1570.879251,1767.982166,1765.145063,1588.684065,1745.362059,1713.589691,1635.61242,1851.922486,2329.51592,2876.43408,3139.675933,3331.121518,3959.185465,4253.584742,4135.603086,5143.227162,6119.974066,6096.812496,5827.071164
Austria,AUT,Health expenditure per capita (current US$),SH.XPD.PCAP,,,,,,,,,,,,,,,,,,,,,,,,,,,,,,,,,,,,2877.99883,2813.202721,2560.594728,2668.649255,2701.779037,2406.131552,2412.373956,2605.546058,3230.171559,3732.65002,3874.566752,4022.624417,4646.896885,5229.916762,5142.456895,5033.422336,5400.538267,5205.971913,5427.260142
Azerbaijan,AZE,Health expenditure per capita (current US$),SH.XPD.PCAP,,,,,,,,,,,,,,,,,,,,,,,,,,,,,,,,,,,,18.01915735,24.77843538,27.26668815,30.26793414,30.49569874,30.29752578,31.17018839,33.62020977,57.04929995,81.26678363,121.8908206,149.6812913,192.2360542,241.3139233,288.350589,310.3253829,359.2337827,401.7512583,436.0227778
Burundi,BDI,Health expenditure per capita (current US$),SH.XPD.PCAP,,,,,,,,,,,,,,,,,,,,,,,,,,,,,,,,,,,,8.794184933,7.472351665,7.648540099,7.956175749,6.910814782,6.693392238,6.552867918,6.314385518,5.859071268,8.7987984,14.52504346,18.35182855,16.32779349,14.68895397,13.85158896,19.41435144,21.31851065,20.91510936,21.46176493
Belgium,BEL,Health expenditure per capita (current US$),SH.XPD.PCAP,,,,,,,,,,,,,,,,,,,,,,,,,,,,,,,,,,,,2137.809669,2150.827657,1907.111283,1977.766104,2012.685415,1845.338117,1878.367001,2075.073771,2903.785375,3366.031663,3485.279276,3645.724834,4179.172634,4729.764427,4689.293663,4589.878003,4951.499811,4742.283284,5092.601211
Benin,BEN,Health expenditure per capita (current US$),SH.XPD.PCAP,,,,,,,,,,,,,,,,,,,,,,,,,,,,,,,,,,,,17.0096096,17.53350938,15.37493442,16.44746904,16.93669606,14.72882042,16.32549152,16.18550845,21.48840567,23.32444271,25.21299758,26.47113839,28.77532771,31.01606824,31.50703937,32.3435893,36.69590821,37.268107,36.69098425
Burkina Faso,BFA,Health expenditure per capita (current US$),SH.XPD.PCAP,,,,,,,,,,,,,,,,,,,,,,,,,,,,,,,,,,,,11.36432431,12.57089637,11.56398284,13.21142746,14.06846105,11.54203884,11.63118636,13.40502386,18.63257658,23.95488948,27.97832318,27.67673481,31.5343639,38.64378005,41.05828944,41.43218675,40.97182412,39.98532933,45.68480052
Bangladesh,BGD,Health expenditure per capita (current US$),SH.XPD.PCAP,,,,,,,,,,,,,,,,,,,,,,,,,,,,,,,,,,,,11.1189743,11.24924942,8.45283814,8.54611826,8.861076083,9.05065324,9.570524189,10.27460596,10.80218157,11.92708522,12.41791943,13.50581614,15.2556323,17.62900088,19.8729368,23.21265948,25.49747146,25.67120185,31.63443186
Bulgaria,BGR,Health expenditure per capita (current US$),SH.XPD.PCAP,,,,,,,,,,,,,,,,,,,,,,,,,,,,,,,,,,,,81.41173968,55.14078977,63.65210878,82.47075218,96.08669496,97.44098955,125.4898267,153.5515947,199.7269404,237.0261527,272.0351264,296.6243452,378.9666806,480.7495989,470.0688944,487.5208646,534.2914038,519.5675687,555.0197963
Bahrain,BHR,Health expenditure per capita (current US$),SH.XPD.PCAP,,,,,,,,,,,,,,,,,,,,,,,,,,,,,,,,,,,,502.113492,497.7459278,541.1751129,489.1089961,495.5716457,475.8990542,487.5509481,509.9845794,536.4471715,539.467326,573.0197,598.7858286,647.6678594,726.6575596,728.5424675,747.3295196,765.6186311,919.5047244,1067.202693
"Bahamas, The",BHS,Health expenditure per capita (current US$),SH.XPD.PCAP,,,,,,,,,,,,,,,,,,,,,,,,,,,,,,,,,,,,838.7787895,879.8708395,959.9191201,1031.480447,1072.995686,1106.767554,1106.777116,1183.314371,1236.955285,1325.699007,1394.281089,1645.35046,1720.859503,1728.916375,1639.550022,1626.234632,1651.993416,1618.109764,1620.67683
Bosnia and Herzegovina,BIH,Health expenditure per capita (current US$),SH.XPD.PCAP,,,,,,,,,,,,,,,,,,,,,,,,,,,,,,,,,,,,50.92806763,80.43281925,85.38978785,92.91228434,111.114903,103.4060491,108.2744268,122.0447326,174.3383888,236.2812975,245.8107919,275.0316998,341.3386441,424.5458377,440.3350157,427.4579725,471.2457557,446.1118533,448.7593504
Belarus,BLR,Health expenditure per capita (current US$),SH.XPD.PCAP,,,,,,,,,,,,,,,,,,,,,,,,,,,,,,,,,,,,69.70769399,89.02799276,91.83219436,89.94658924,74.55472169,74.74479373,81.9901852,95.49013656,119.4529894,156.8507723,215.3363532,243.5170055,304.0566715,377.9434258,312.6139775,322.5782119,294.2727646,339.0334044,462.8784385
Belize,BLZ,Health expenditure per capita (current US$),SH.XPD.PCAP,,,,,,,,,,,,,,,,,,,,,,,,,,,,,,,,,,,,127.1966372,109.6376743,117.3700893,116.1722309,115.8539365,138.6044682,160.0799744,162.2195526,173.7508664,175.3032727,182.4374287,192.0232565,214.651315,237.492764,257.6314633,264.661221,263.5321377,259.458125,262.4178502
Bermuda,BMU,Health expenditure per capita (current US$),SH.XPD.PCAP,,,,,,,,,,,,,,,,,,,,,,,,,,,,,,,,,,,,,,,,,,,,,,,,,,,,,,
Bolivia,BOL,Health expenditure per capita (current US$),SH.XPD.PCAP,,,,,,,,,,,,,,,,,,,,,,,,,,,,,,,,,,,,39.31265471,43.8514779,43.92460337,53.17327428,61.6869922,60.05993882,59.27457375,58.36911596,49.92825379,50.9549961,56.95794213,57.72876657,63.6667254,83.60356692,100.0274566,105.8240308,115.4206393,148.741933,173.9238388
Brazil,BRA,Health expenditure per capita (current US$),SH.XPD.PCAP,,,,,,,,,,,,,,,,,,,,,,,,,,,,,,,,,,,,315.973582,349.8257678,355.3545014,335.5237711,241.9018112,264.6883782,227.6320816,202.9457334,213.5082965,257.2029182,396.2058689,492.0078979,608.4011556,727.9840576,744.0641742,988.9299021,1153.720201,1078.000093,1083.402758
Barbados,BRB,Health expenditure per capita (current US$),SH.XPD.PCAP,,,,,,,,,,,,,,,,,,,,,,,,,,,,,,,,,,,,450.5348356,465.6004153,494.7733611,531.3204205,570.1581399,601.8750702,634.7560157,677.3842534,702.3279582,736.5520637,764.9748046,825.6869795,927.8803147,995.5097579,1024.948617,978.0542928,1005.497999,1009.138328,1007.215496
Brunei Darussalam,BRN,Health expenditure per capita (current US$),SH.XPD.PCAP,,,,,,,,,,,,,,,,,,,,,,,,,,,,,,,,,,,,472.8760844,626.5360897,623.2971429,566.2567912,580.3840295,543.4319362,525.0180275,525.858593,574.831299,657.8217624,671.4121072,680.287436,738.1371667,820.5837257,766.3079658,844.0727216,922.1650336,946.1961048,973.5598014
Bhutan,BTN,Health expenditure per capita (current US$),SH.XPD.PCAP,,,,,,,,,,,,,,,,,,,,,,,,,,,,,,,,,,,,22.8442782,38.04856853,50.30467013,49.74897226,51.4905143,52.2768137,50.7275577,70.74812938,51.04597434,48.86175631,66.47686997,71.0632863,103.5112381,114.3890561,100.2000735,114.3993451,119.9600582,90.48302676,89.74884249
Botswana,BWA,Health expenditure per capita (current US$),SH.XPD.PCAP,,,,,,,,,,,,,,,,,,,,,,,,,,,,,,,,,,,,125.3988302,124.9554923,137.6497768,126.4092537,130.8466874,152.0261539,175.0564868,192.6481143,189.9739674,267.7088669,297.7402272,263.3065585,269.1986488,307.0700471,318.0857095,393.8797413,404.0484326,401.5662737,397.3182644
Central African Republic,CAF,Health expenditure per capita (current US$),SH.XPD.PCAP,,,,,,,,,,,,,,,,,,,,,,,,,,,,,,,,,,,,13.23287994,11.98619193,10.69458295,10.41657091,11.54565021,10.76686377,10.02629019,11.06793001,12.97773534,13.49127085,14.84114172,14.74714666,17.81503057,20.42205501,16.61488824,17.76662186,18.77787736,18.02355885,13.0493878
Canada,CAN,Health expenditure per capita (current US$),SH.XPD.PCAP,,,,,,,,,,,,,,,,,,,,,,,,,,,,,,,,,,,,1830.541837,1838.854585,1882.626216,1856.229103,1945.366606,2099.841406,2162.233792,2262.071485,2690.512649,3062.668895,3474.435976,3931.96949,4364.135612,4662.016071,4561.386071,5305.525844,5695.10823,5762.587785,5717.973612
Central Europe and the Baltics,CEB,Health expenditure per capita (current US$),SH.XPD.PCAP,,,,,,,,,,,,,,,,,,,,,,,,,,,,,,,,,,,,198.8832826,219.0194272,212.9396985,238.3823914,233.8177021,229.0514376,260.3359798,309.4950766,387.0496816,463.5523669,542.1023665,603.4211532,764.4877081,976.9034509,885.4695162,893.1789415,950.7237506,886.6360485,919.0774173
Switzerland,CHE,Health expenditure per capita (current US$),SH.XPD.PCAP,,,,,,,,,,,,,,,,,,,,,,,,,,,,,,,,,,,,4308.488992,4292.576336,3718.101338,3870.099592,3841.60414,3541.074869,3748.523952,4190.822967,5002.528714,5570.270704,5636.627745,5642.76452,6126.568133,7104.420111,7277.51368,7697.315041,9254.258858,9070.50729,9276.472585
Channel Islands,CHI,Health expenditure per capita (current US$),SH.XPD.PCAP,,,,,,,,,,,,,,,,,,,,,,,,,,,,,,,,,,,,,,,,,,,,,,,,,,,,,,
Chile,CHL,Health expenditure per capita (current US$),SH.XPD.PCAP,,,,,,,,,,,,,,,,,,,,,,,,,,,,,,,,,,,,307.3764804,344.8034975,386.1849822,390.334808,360.236643,363.6486415,349.1961453,333.7325045,353.9548127,431.6207285,510.110494,585.6278314,667.0112201,740.0530734,754.8468773,892.3183052,1024.464321,1105.998036,1203.839842
China,CHN,Health expenditure per capita (current US$),SH.XPD.PCAP,,,,,,,,,,,,,,,,,,,,,,,,,,,,,,,,,,,,20.74271133,25.97525599,30.51117097,34.92657213,38.19567923,43.0257289,46.8808979,53.69986898,60.7147926,69.59153718,79.72724348,92.57459188,113.3861439,154.9317763,188.9810424,215.824467,273.8108803,321.6860856,366.8630274
Cote d'Ivoire,CIV,Health expenditure per capita (current US$),SH.XPD.PCAP,,,,,,,,,,,,,,,,,,,,,,,,,,,,,,,,,,,,49.47188333,56.33684382,55.67816197,60.64157973,51.3773142,40.08397886,32.91968486,32.8104797,42.13244937,50.70787841,53.54980429,59.58939999,71.55723078,81.9572355,83.70598846,82.92620229,83.07648777,80.46291624,86.75579136
Cameroon,CMR,Health expenditure per capita (current US$),SH.XPD.PCAP,,,,,,,,,,,,,,,,,,,,,,,,,,,,,,,,,,,,25.15316305,34.45905827,28.80669905,28.77311901,28.64455847,25.91969343,27.49269076,31.30497139,38.95440069,41.34953609,44.59507765,46.05361327,50.37848315,60.34997998,56.30810076,57.31541966,64.20242849,61.0749215,67.17278529
"Congo, Rep.",COG,Health expenditure per capita (current US$),SH.XPD.PCAP,,,,,,,,,,,,,,,,,,,,,,,,,,,,,,,,,,,,24.60107134,26.00040633,25.00532682,24.60999014,23.69804545,21.88747073,21.23683944,22.55775746,27.13308725,34.44208984,41.60756218,50.30373751,56.67474459,63.78920991,54.40346903,66.96049991,95.25730532,125.3739965,130.7115635
Colombia,COL,Health expenditure per capita (current US$),SH.XPD.PCAP,,,,,,,,,,,,,,,,,,,,,,,,,,,,,,,,,,,,170.8946677,212.9079538,252.047768,222.8966202,190.7511885,147.8582911,144.3199991,134.7406669,133.867776,147.8612314,197.3890762,226.6587277,291.4827522,357.7052983,357.9827566,417.5994997,465.8274767,529.8232542,533.0793299
Comoros,COM,Health expenditure per capita (current US$),SH.XPD.PCAP,,,,,,,,,,,,,,,,,,,,,,,,,,,,,,,,,,,,22.64492292,21.31068466,19.15695751,17.05448922,16.41392401,13.30202675,11.49682558,15.34308312,20.53986415,24.52305989,27.60533148,30.0096773,36.1322785,42.24434054,30.64352239,43.51899942,51.04981424,54.28468981,51.49240938
Cabo Verde,CPV,Health expenditure per capita (current US$),SH.XPD.PCAP,,,,,,,,,,,,,,,,,,,,,,,,,,,,,,,,,,,,64.92564515,59.57780287,55.95234379,64.64996202,63.9286515,58.61255537,64.8175678,70.00277122,87.11357736,98.78443123,102.6590634,125.4444378,134.6401945,146.2995834,149.52166,165.4309667,174.9843706,163.227996,164.6873127
Costa Rica,CRI,Health expenditure per capita (current US$),SH.XPD.PCAP,,,,,,,,,,,,,,,,,,,,,,,,,,,,,,,,,,,,219.3595261,220.8674393,222.7213075,266.9557599,280.8700584,287.2212285,290.7875092,331.8628874,342.9905073,346.1773981,364.0124656,409.9295427,524.5510441,592.7905777,618.5434847,750.6932328,884.57464,952.3897297,1005.090239
Caribbean small states,CSS,Health expenditure per capita (current US$),SH.XPD.PCAP,,,,,,,,,,,,,,,,,,,,,,,,,,,,,,,,,,,,168.7382786,187.2910931,215.0922701,218.5816391,225.2108802,252.2004682,257.8982726,275.6485473,293.815038,326.0790516,356.9671325,388.0755936,456.9101344,521.2498367,503.3357736,499.0431255,539.6219836,547.2341806,553.1924824
Cuba,CUB,Health expenditure per capita (current US$),SH.XPD.PCAP,,,,,,,,,,,,,,,,,,,,,,,,,,,,,,,,,,,,111.8448017,119.355224,126.0632008,133.5850429,152.5986894,166.334715,177.8751578,194.7966144,201.8770982,208.5835268,306.4711219,359.9919922,586.9098551,584.0994651,650.5523633,583.371882,648.3496486,558.2489579,603.3826228
Curacao,CUW,Health expenditure per capita (current US$),SH.XPD.PCAP,,,,,,,,,,,,,,,,,,,,,,,,,,,,,,,,,,,,,,,,,,,,,,,,,,,,,,
Cayman Islands,CYM,Health expenditure per capita (current US$),SH.XPD.PCAP,,,,,,,,,,,,,,,,,,,,,,,,,,,,,,,,,,,,,,,,,,,,,,,,,,,,,,
Cyprus,CYP,Health expenditure per capita (current US$),SH.XPD.PCAP,,,,,,,,,,,,,,,,,,,,,,,,,,,,,,,,,,,,680.6731122,744.087945,728.2697222,775.912124,787.9067396,753.3538443,783.7059955,894.6596382,1260.406288,1384.665958,1448.754501,1529.205011,1734.481643,2241.265392,2185.842041,2017.099521,2181.488263,1936.277323,1866.268578
Czech Republic,CZE,Health expenditure per capita (current US$),SH.XPD.PCAP,,,,,,,,,,,,,,,,,,,,,,,,,,,,,,,,,,,,374.3513158,403.1196089,369.2252864,397.9768244,383.6005593,361.2250324,404.059993,522.5835689,666.8062307,771.7830651,884.3636273,971.5067009,1147.982094,1486.182729,1483.943643,1410.036619,1545.57475,1411.484721,1367.024736
Germany,DEU,Health expenditure per capita (current US$),SH.XPD.PCAP,,,,,,,,,,,,,,,,,,,,,,,,,,,,,,,,,,,,3129.055427,3103.81124,2700.531413,2732.506368,2691.626381,2386.652498,2401.820998,2610.42042,3206.46728,3524.364742,3624.229159,3745.584215,4230.556101,4717.795108,4727.541799,4668.400815,4992.263824,4716.590558,5006.499458
Djibouti,DJI,Health expenditure per capita (current US$),SH.XPD.PCAP,,,,,,,,,,,,,,,,,,,,,,,,,,,,,,,,,,,,27.34959781,26.10048691,32.83059005,38.78865492,46.84182808,44.2462031,42.28542435,43.63429488,51.70389825,58.84319242,65.83485232,68.8198877,81.96713834,97.57871722,105.8259495,118.7994276,126.9458084,138.6583515,137.3641429
Dominica,DMA,Health expenditure per capita (current US$),SH.XPD.PCAP,,,,,,,,,,,,,,,,,,,,,,,,,,,,,,,,,,,,185.597763,198.9805002,213.0430504,216.5477235,227.3023503,231.2190346,235.5355643,236.634652,240.0127725,243.2515701,255.0988799,271.0682322,298.3696327,315.4912033,355.4878821,393.8577493,402.9104338,398.8904761,417.2184202
Denmark,DNK,Health expenditure per capita (current US$),SH.XPD.PCAP,,,,,,,,,,,,,,,,,,,,,,,,,,,,,,,,,,,,2835.432079,2884.217312,2633.578758,2675.353251,2931.355508,2612.692686,2730.152251,3023.115074,3756.109441,4387.087845,4652.522257,5017.510494,5709.967402,6395.89846,6464.581332,6266.80801,6522.134834,6203.77412,6269.540641
Dominican Republic,DOM,Health expenditure per capita (current US$),SH.XPD.PCAP,,,,,,,,,,,,,,,,,,,,,,,,,,,,,,,,,,,,107.4952657,111.6159263,131.7000028,141.7673737,149.0401835,173.3419964,172.6240169,175.747893,128.2559383,105.3015009,160.5068561,171.6384764,187.5245562,208.1386426,220.7973151,237.0746455,266.6187309,310.3595262,314.5126078
Algeria,DZA,Health expenditure per capita (current US$),SH.XPD.PCAP,,,,,,,,,,,,,,,,,,,,,,,,,,,,,,,,,,,,53.11526684,52.67530198,57.07010098,56.19350342,53.40403427,60.26739268,65.35038111,64.9985864,74.04668259,90.38006581,98.30820876,113.7845331,146.9650317,201.1258079,195.2102089,209.8349111,270.7688554,318.9757142,313.5202115
East Asia & Pacific (developing only),EAP,Health expenditure per capita (current US$),SH.XPD.PCAP,,,,,,,,,,,,,,,,,,,,,,,,,,,,,,,,,,,,24.6741998,29.76858385,32.03394721,31.93513108,35.28365136,38.87918414,41.54219372,47.25627892,54.09151916,61.09843891,70.26130632,82.42769707,100.6256298,132.1956142,156.6450991,180.4193277,224.7380301,261.3980636,293.2461727
East Asia & Pacific (all income levels),EAS,Health expenditure per capita (current US$),SH.XPD.PCAP,,,,,,,,,,,,,,,,,,,,,,,,,,,,,,,,,,,,246.2352827,233.2561994,217.1515409,200.9020888,231.59858,249.3986907,230.4549535,232.5368483,261.0776752,288.1196738,304.5036524,313.2555729,340.6563707,397.3038029,445.7677071,506.6880573,592.3246471,633.6315484,614.578248
Europe & Central Asia (developing only),ECA,Health expenditure per capita (current US$),SH.XPD.PCAP,,,,,,,,,,,,,,,,,,,,,,,,,,,,,,,,,,,,72.11531948,82.20724608,89.46934027,92.91486672,94.10527557,96.7856137,92.47761537,113.3607832,150.6394195,189.7485375,231.5598091,265.446351,341.7836202,405.3113654,349.6744111,378.506213,398.129648,407.1762521,435.9454292
Europe & Central Asia (all income levels),ECS,Health expenditure per capita (current US$),SH.XPD.PCAP,,,,,,,,,,,,,,,,,,,,,,,,,,,,,,,,,,,,1017.52903,1051.927457,981.8803059,1000.396431,1002.116442,934.0421004,965.5379426,1084.975929,1357.512973,1573.236814,1680.014813,1793.002171,2068.61429,2326.54576,2229.002579,2215.559406,2379.114774,2264.841622,2351.137554
Ecuador,ECU,Health expenditure per capita (current US$),SH.XPD.PCAP,,,,,,,,,,,,,,,,,,,,,,,,,,,,,,,,,,,,73.34609145,81.03105644,88.26567006,82.84677892,64.17393209,52.77702406,76.84220706,105.3305406,164.1364339,177.7769021,190.1986062,216.2797698,241.2881559,268.400444,302.1940695,339.2975057,364.8612254,361.170388,
"Egypt, Arab Rep.",EGY,Health expenditure per capita (current US$),SH.XPD.PCAP,,,,,,,,,,,,,,,,,,,,,,,,,,,,,,,,,,,,37.99077654,46.35175671,59.57575965,67.04688163,74.28357008,80.41010818,77.67415665,75.62634242,57.72401825,58.44151135,66.57278023,77.26405064,88.03385443,105.0396197,121.9935456,130.5945337,142.4915484,157.7132982,151.2641386
Euro area,EMU,Health expenditure per capita (current US$),SH.XPD.PCAP,,,,,,,,,,,,,,,,,,,,,,,,,,,,,,,,,,,,2093.20006,2129.819731,1918.532424,1962.414837,1958.227118,1779.460963,1825.072409,2021.111736,2556.831647,2926.246622,3073.735976,3223.518123,3651.884409,4097.994289,4019.095129,3901.168396,4138.933621,3856.485235,4017.771551
Eritrea,ERI,Health expenditure per capita (current US$),SH.XPD.PCAP,,,,,,,,,,,,,,,,,,,,,,,,,,,,,,,,,,,,7.94996992,7.290725846,8.525240908,8.724510396,8.471789888,7.279205766,6.575125054,6.308243624,6.283297085,7.011174475,6.394369155,7.761181634,8.326947442,9.458614713,11.03061996,11.94860351,13.45390844,15.01625881,16.50864578
Spain,ESP,Health expenditure per capita (current US$),SH.XPD.PCAP,,,,,,,,,,,,,,,,,,,,,,,,,,,,,,,,,,,,1129.1945,1178.143745,1062.571907,1109.461319,1135.736681,1045.482008,1089.297098,1212.662674,1722.925477,2017.898944,2164.719153,2357.210055,2732.235279,3114.28282,3018.648815,2874.219608,2943.766641,2625.546069,2581.028193
Estonia,EST,Health expenditure per capita (current US$),SH.XPD.PCAP,,,,,,,,,,,,,,,,,,,,,,,,,,,,,,,,,,,,164.7972293,218.1169031,222.44294,223.1045245,242.5738066,214.376044,217.706216,256.6617523,352.3959075,452.3326744,514.2214569,624.6181143,845.4672168,1075.405169,1008.522179,902.6733047,988.0989226,994.2025079,1071.605128
Ethiopia,ETH,Health expenditure per capita (current US$),SH.XPD.PCAP,,,,,,,,,,,,,,,,,,,,,,,,,,,,,,,,,,,,4.034907822,4.219436035,4.39516511,4.528797555,4.490256888,5.402387565,5.083913067,5.292692967,5.540353964,5.781535777,6.829279232,8.70049899,11.27069974,13.50397828,14.74931637,14.94032239,17.51867566,22.26486955,24.51864915
European Union,EUU,Health expenditure per capita (current US$),SH.XPD.PCAP,,,,,,,,,,,,,,,,,,,,,,,,,,,,,,,,,,,,1644.206339,1687.59213,1553.289008,1603.619947,1617.603999,1495.742349,1542.629119,1723.131363,2160.461859,2493.9347,2637.452701,2788.738053,3186.640523,3528.778301,3405.720652,3335.047178,3540.40687,3333.97599,3457.56151
Fragile and conflict affected situations,FCS,Health expenditure per capita (current US$),SH.XPD.PCAP,,,,,,,,,,,,,,,,,,,,,,,,,,,,,,,,,,,,21.70213294,21.04271781,20.99630375,21.36337602,21.96849179,23.14548704,21.18465598,19.89734158,23.56539642,29.87896105,31.86893525,36.97981937,47.71871301,59.61088533,61.12756923,63.6526828,65.75631273,78.95446523,75.623559
Finland,FIN,Health expenditure per capita (current US$),SH.XPD.PCAP,,,,,,,,,,,,,,,,,,,,,,,,,,,,,,,,,,,,2014.084019,2014.745836,1848.7678,1853.034046,1862.52726,1700.319644,1786.264519,2032.228417,2571.711678,2973.999145,3151.840703,3302.190948,3752.095428,4262.683764,4122.21323,3976.994947,4366.874847,4158.352676,4449.131065
Fiji,FJI,Health expenditure per capita (current US$),SH.XPD.PCAP,,,,,,,,,,,,,,,,,,,,,,,,,,,,,,,,,,,,79.03331502,88.79112652,93.25126309,65.9663532,75.73947566,80.27137161,66.87968791,78.60440577,95.01010817,120.3702467,131.8902209,143.7379053,152.4524704,153.5872038,143.3804477,154.2909727,170.3238232,183.7262493,188.879045
France,FRA,Health expenditure per capita (current US$),SH.XPD.PCAP,,,,,,,,,,,,,,,,,,,,,,,,,,,,,,,,,,,,2744.522641,2741.658801,2439.588278,2486.67534,2458.13385,2209.243825,2241.056216,2496.522192,3115.236344,3592.421757,3721.111721,3871.530881,4371.966803,4827.875611,4722.013735,4583.688525,4934.089161,4643.84817,4863.55014
Faeroe Islands,FRO,Health expenditure per capita (current US$),SH.XPD.PCAP,,,,,,,,,,,,,,,,,,,,,,,,,,,,,,,,,,,,,,,,,,,,,,,,,,,,,,
"Micronesia, Fed. Sts.",FSM,Health expenditure per capita (current US$),SH.XPD.PCAP,,,,,,,,,,,,,,,,,,,,,,,,,,,,,,,,,,,,188.5391055,173.8538477,147.9620758,141.1425404,154.7058938,169.9265754,189.9261454,177.7947711,218.2488017,232.8761529,285.1277802,285.44935,292.0635223,323.2502057,358.167882,392.5983821,411.3767947,404.0334742,407.429762
Gabon,GAB,Health expenditure per capita (current US$),SH.XPD.PCAP,,,,,,,,,,,,,,,,,,,,,,,,,,,,,,,,,,,,157.765931,172.2342062,139.056483,161.1223965,135.4222799,118.0094238,124.4008648,141.6296565,173.8838965,180.0663846,186.9614542,215.7523931,260.2401987,282.6895252,290.9753449,326.5244374,414.5533556,399.3581834,441.3910658
United Kingdom,GBR,Health expenditure per capita (current US$),SH.XPD.PCAP,,,,,,,,,,,,,,,,,,,,,,,,,,,,,,,,,,,,1364.123182,1436.869329,1540.870114,1658.792217,1767.097723,1761.388222,1819.142562,2064.159478,2449.932768,2938.446191,3135.422114,3394.743168,3916.378522,3833.925503,3462.731371,3442.345186,3606.569119,3594.709713,3597.917253
Georgia,GEO,Health expenditure per capita (current US$),SH.XPD.PCAP,,,,,,,,,,,,,,,,,,,,,,,,,,,,,,,,,,,,29.57789661,45.9812617,56.98133418,48.66450727,36.6920303,44.98843071,54.0609246,64.43768102,74.60216885,97.17938778,123.4028952,146.788486,188.2040583,260.6051671,249.3317341,266.1847559,310.2861413,332.9008174,349.9031357
Ghana,GHA,Health expenditure per capita (current US$),SH.XPD.PCAP,,,,,,,,,,,,,,,,,,,,,,,,,,,,,,,,,,,,19.06971112,22.29569173,18.83437505,20.55660879,19.87144792,12.26748307,15.24800694,14.8126977,18.48628416,26.71153066,36.04032658,43.11888551,58.25641876,59.88091535,56.72419861,70.74028761,76.63279675,86.08900548,99.52846516
Guinea,GIN,Health expenditure per capita (current US$),SH.XPD.PCAP,,,,,,,,,,,,,,,,,,,,,,,,,,,,,,,,,,,,16.6429478,14.95636071,13.92366069,14.39610607,13.74744544,11.83663474,11.62051919,12.27122913,12.90317657,12.16057165,8.653538064,9.036018172,12.66600268,14.04063008,16.32972415,18.65090864,17.92411559,22.35862636,24.75235174
"Gambia, The",GMB,Health expenditure per capita (current US$),SH.XPD.PCAP,,,,,,,,,,,,,,,,,,,,,,,,,,,,,,,,,,,,24.02950819,26.07948234,22.21898357,25.64177008,24.33947659,23.03228905,20.1350136,16.59885686,15.23742265,18.09610437,21.580729,24.40630012,30.09435994,36.38894725,32.35580797,32.56846784,32.52941698,31.19193642,28.91017917
Guinea-Bissau,GNB,Health expenditure per capita (current US$),SH.XPD.PCAP,,,,,,,,,,,,,,,,,,,,,,,,,,,,,,,,,,,,25.18998854,19.97527579,15.75697888,11.96676446,10.37188858,16.20946732,15.09662942,17.37549841,19.75788228,19.95088675,23.59330167,23.97765804,28.51793459,34.2202573,36.02692161,37.71141323,36.26949719,31.26089925,31.83837079
Equatorial Guinea,GNQ,Health expenditure per capita (current US$),SH.XPD.PCAP,,,,,,,,,,,,,,,,,,,,,,,,,,,,,,,,,,,,17.27888242,22.61949869,29.88606499,32.59278138,34.11738132,55.1660637,48.73497995,67.20499386,97.44597534,180.4736337,208.8191107,276.8262274,358.2917427,542.2085789,734.2256962,637.8427461,722.48602,768.9170763,713.8579651
Greece,GRC,Health expenditure per capita (current US$),SH.XPD.PCAP,,,,,,,,,,,,,,,,,,,,,,,,,,,,,,,,,,,,1067.867812,1116.371975,1067.175738,1057.216883,1115.874613,918.4296374,1055.008932,1222.751115,1580.464747,1809.352777,2094.783975,2296.047415,2689.062355,3093.577243,2923.982308,2495.288551,2551.394539,2070.111622,2146.240311
Grenada,GRD,Health expenditure per capita (current US$),SH.XPD.PCAP,,,,,,,,,,,,,,,,,,,,,,,,,,,,,,,,,,,,190.3524823,203.2506434,218.7476079,247.1114972,291.2789664,339.0200967,391.8873365,353.1826227,340.2767005,305.5356832,373.0007902,407.039755,430.3806499,457.9966745,461.7637142,468.7709411,475.192872,471.4223543,499.241073
Greenland,GRL,Health expenditure per capita (current US$),SH.XPD.PCAP,,,,,,,,,,,,,,,,,,,,,,,,,,,,,,,,,,,,,,,,,,,,,,,,,,,,,,
Guatemala,GTM,Health expenditure per capita (current US$),SH.XPD.PCAP,,,,,,,,,,,,,,,,,,,,,,,,,,,,,,,,,,,,53.90482271,55.84730733,64.13709838,75.08138468,82.40783725,96.31770372,109.1048272,119.9848839,127.608434,135.0336729,153.9898274,173.2911732,184.4312788,199.2303131,190.3182818,217.2711482,226.1730109,235.8323565,226.8483858
Guam,GUM,Health expenditure per capita (current US$),SH.XPD.PCAP,,,,,,,,,,,,,,,,,,,,,,,,,,,,,,,,,,,,,,,,,,,,,,,,,,,,,,
Guyana,GUY,Health expenditure per capita (current US$),SH.XPD.PCAP,,,,,,,,,,,,,,,,,,,,,,,,,,,,,,,,,,,,43.25404514,47.74558198,52.50697336,51.27651075,43.87803471,55.97644757,54.24640408,55.77649067,58.63210546,59.47727699,63.18048762,88.97419816,129.9344835,179.676657,188.6251074,188.2963099,221.4408386,235.1047952,250.0119285
High income,HIC,Health expenditure per capita (current US$),SH.XPD.PCAP,,,,,,,,,,,,,,,,,,,,,,,,,,,,,,,,,,,,2067.950331,2106.440814,2070.31662,2102.341637,2212.341754,2262.449577,2340.553622,2528.139563,2873.881617,3162.861031,3354.586701,3537.125291,3848.879544,4152.628198,4199.861118,4338.821145,4615.218538,4634.044764,4686.740617
"Hong Kong SAR, China",HKG,Health expenditure per capita (current US$),SH.XPD.PCAP,,,,,,,,,,,,,,,,,,,,,,,,,,,,,,,,,,,,,,,,,,,,,,,,,,,,,,
Honduras,HND,Health expenditure per capita (current US$),SH.XPD.PCAP,,,,,,,,,,,,,,,,,,,,,,,,,,,,,,,,,,,,37.80488952,35.37746621,39.3541295,49.56571145,55.18556924,76.3754992,82.68090523,88.1232601,103.0360232,103.4869405,108.7360657,118.4055989,135.9390361,159.2731879,172.6438895,175.6397839,191.4222848,221.0926396,193.360306
Heavily indebted poor countries (HIPC),HPC,Health expenditure per capita (current US$),SH.XPD.PCAP,,,,,,,,,,,,,,,,,,,,,,,,,,,,,,,,,,,,15.22848488,15.90343125,15.71901515,16.52564168,16.79770301,16.94220456,15.81261179,16.37719228,18.79995198,21.69050106,24.51547843,28.43723089,34.01186975,41.07314384,41.48416586,45.06070103,48.03187738,50.33847571,53.55882719
Croatia,HRV,Health expenditure per capita (current US$),SH.XPD.PCAP,,,,,,,,,,,,,,,,,,,,,,,,,,,,,,,,,,,,324.1355587,362.0835217,304.4370193,369.3115403,374.191684,371.1227588,388.3616187,386.4884484,510.9506388,633.1104188,726.4572609,813.2886502,1036.883498,1259.10775,1188.620341,1143.911448,1044.659803,950.4631158,981.7638329
Haiti,HTI,Health expenditure per capita (current US$),SH.XPD.PCAP,,,,,,,,,,,,,,,,,,,,,,,,,,,,,,,,,,,,22.71312379,23.97872033,24.71455255,27.1748683,27.40071605,25.88006929,22.65433718,19.83354369,16.70662924,22.49834921,19.77099563,29.6245651,34.009152,36.39187668,42.79898842,63.02377913,59.25758011,73.45795377,76.66639644
Hungary,HUN,Health expenditure per capita (current US$),SH.XPD.PCAP,,,,,,,,,,,,,,,,,,,,,,,,,,,,,,,,,,,,323.0080546,315.017162,308.5057086,334.760074,344.6384989,325.7072414,374.2751303,495.3767809,705.826502,828.1412759,922.7840054,922.3280277,1037.575139,1145.802373,976.775775,1026.0601,1105.490312,999.349538,1055.761923
Indonesia,IDN,Health expenditure per capita (current US$),SH.XPD.PCAP,,,,,,,,,,,,,,,,,,,,,,,,,,,,,,,,,,,,20.25538382,22.94590283,20.75184049,9.736319744,15.50137067,15.45551953,16.90277485,20.34778272,27.26842071,27.48043873,35.52433938,46.51232129,57.98078755,61.11902865,64.19561211,85.98546631,99.37471735,107.7462059,106.6333479
Isle of Man,IMN,Health expenditure per capita (current US$),SH.XPD.PCAP,,,,,,,,,,,,,,,,,,,,,,,,,,,,,,,,,,,,,,,,,,,,,,,,,,,,,,
India,IND,Health expenditure per capita (current US$),SH.XPD.PCAP,,,,,,,,,,,,,,,,,,,,,,,,,,,,,,,,,,,,16.08837397,16.2261044,18.77417135,18.84084998,18.68343736,20.05424882,21.42583107,21.58578096,24.26355967,29.38683698,32.00315302,33.87225542,41.0059803,43.97846848,45.57564358,53.99506316,60.54421614,58.24659926,61.40821318
Not classified,INX,Health expenditure per capita (current US$),SH.XPD.PCAP,,,,,,,,,,,,,,,,,,,,,,,,,,,,,,,,,,,,,,,,,,,,,,,,,,,,,,
Ireland,IRL,Health expenditure per capita (current US$),SH.XPD.PCAP,,,,,,,,,,,,,,,,,,,,,,,,,,,,,,,,,,,,1239.142958,1330.357926,1404.674837,1467.940557,1567.818738,1593.343372,1878.1971,2248.676025,2925.19972,3532.972708,3736.534033,3982.268605,4704.240175,5326.221232,4961.575114,4238.21622,4309.720321,4079.477183,4232.865883
"Iran, Islamic Rep.",IRN,Health expenditure per capita (current US$),SH.XPD.PCAP,,,,,,,,,,,,,,,,,,,,,,,,,,,,,,,,,,,,67.34522047,85.22579087,108.8928991,132.8480608,176.0990021,229.010766,291.1364857,101.0416252,95.96707256,115.9951827,155.1739599,173.3870767,218.7691294,311.1895229,355.2060456,413.2893217,478.6015257,484.9340353,432.2817846
Iraq,IRQ,Health expenditure per capita (current US$),SH.XPD.PCAP,,,,,,,,,,,,,,,,,,,,,,,,,,,,,,,,,,,,,8.322871418,6.702594916,7.166443255,6.776525133,7.137561744,8.263884744,9.496238803,16.19846564,55.093421,54.75746357,58.59449221,96.22523101,144.0769269,145.8233577,144.5371343,164.2097639,282.2894162,305.3529361
Iceland,ISL,Health expenditure per capita (current US$),SH.XPD.PCAP,,,,,,,,,,,,,,,,,,,,,,,,,,,,,,,,,,,,2164.924146,2241.784236,2234.385168,2714.723206,3060.37292,2961.363075,2615.260079,3161.898799,3954.364091,4515.095204,5248.685904,5084.082693,6049.467635,4880.995106,3659.550387,3683.061669,3995.247491,3849.713769,4125.877176
Israel,ISR,Health expenditure per capita (current US$),SH.XPD.PCAP,,,,,,,,,,,,,,,,,,,,,,,,,,,,,,,,,,,,,,,1427.366385,1357.216483,1487.269642,1528.343754,1363.413796,1390.621843,1441.234143,1509.688226,1558.172901,1766.13359,2120.813355,2007.933731,2208.909462,2427.065606,2394.854983,2600.511229
Italy,ITA,Health expenditure per capita (current US$),SH.XPD.PCAP,,,,,,,,,,,,,,,,,,,,,,,,,,,,,,,,,,,,1405.232371,1594.05283,1566.378395,1612.243748,1607.42997,1527.234534,1590.410755,1761.111453,2164.656231,2566.188955,2698.740152,2851.559697,3105.998884,3497.82995,3364.834614,3266.868699,3421.710375,3114.243362,3154.900148
Jamaica,JAM,Health expenditure per capita (current US$),SH.XPD.PCAP,,,,,,,,,,,,,,,,,,,,,,,,,,,,,,,,,,,,96.60262795,122.9959923,177.799841,174.968584,161.6982926,189.4151872,178.2790985,179.6659156,162.3846721,183.3605431,170.4780311,186.7366358,230.1895902,272.4670453,229.3060517,254.9824926,272.7031916,297.644985,300.0680079
Jordan,JOR,Health expenditure per capita (current US$),SH.XPD.PCAP,,,,,,,,,,,,,,,,,,,,,,,,,,,,,,,,,,,,131.9565151,138.677346,142.7811444,159.0440878,162.3074452,171.3388486,183.8197853,189.2131768,187.2919838,202.869347,213.4193885,224.2338878,252.4755708,326.2350047,367.7457434,358.388883,390.6943889,351.3172323,335.7851655
Japan,JPN,Health expenditure per capita (current US$),SH.XPD.PCAP,,,,,,,,,,,,,,,,,,,,,,,,,,,,,,,,,,,,2924.013616,2630.410276,2390.66366,2248.363955,2633.049687,2865.04031,2550.518692,2453.535777,2691.776215,2912.805243,2927.705934,2792.749166,2800.093166,3257.835741,3746.226984,4114.967453,4656.343374,4787.099399,3965.582074
Kazakhstan,KAZ,Health expenditure per capita (current US$),SH.XPD.PCAP,,,,,,,,,,,,,,,,,,,,,,,,,,,,,,,,,,,,49.41557918,59.61089702,68.65367497,71.97223841,50.29348117,52.14210683,52.75957579,60.88269652,77.35725416,114.6457291,153.8536299,198.806464,217.0490821,312.6462332,301.974067,411.0229862,473.6094866,539.2807108,580.0623034
Kenya,KEN,Health expenditure per capita (current US$),SH.XPD.PCAP,,,,,,,,,,,,,,,,,,,,,,,,,,,,,,,,,,,,14.03766398,17.72879344,18.65854077,21.31783764,17.75757415,19.01733512,18.68387214,18.08129525,19.55032701,19.82075932,22.84812832,27.63211212,31.89309768,32.92279428,35.50349952,34.50940458,35.02695341,41.57142698,44.50922642
Kyrgyz Republic,KGZ,Health expenditure per capita (current US$),SH.XPD.PCAP,,,,,,,,,,,,,,,,,,,,,,,,,,,,,,,,,,,,19.39714935,22.32199107,19.5176376,19.98445291,13.61266823,12.90954583,14.64398687,17.45224428,20.79809159,24.66731569,28.39138526,37.67167117,51.0239731,59.77585456,60.31067179,59.70356481,71.00472644,84.25781629,86.90594123
Cambodia,KHM,Health expenditure per capita (current US$),SH.XPD.PCAP,,,,,,,,,,,,,,,,,,,,,,,,,,,,,,,,,,,,16.95654331,22.80050168,19.0396072,15.87288078,16.26814729,17.45969224,18.08916318,19.93464528,24.11555285,25.73593323,27.16969704,22.51567597,21.91059883,40.54435594,46.03716198,45.5484699,48.83560388,69.47378108,75.75721305
Kiribati,KIR,Health expenditure per capita (current US$),SH.XPD.PCAP,,,,,,,,,,,,,,,,,,,,,,,,,,,,,,,,,,,,71.10291349,80.8897991,82.47391589,58.89382793,76.7668227,65.19314378,66.67559673,75.70841858,102.6816292,119.3292312,118.0165111,124.3833289,160.1761439,183.3358853,143.1452946,162.3469005,181.369466,176.7720788,166.3223791
St. Kitts and Nevis,KNA,Health expenditure per capita (current US$),SH.XPD.PCAP,,,,,,,,,,,,,,,,,,,,,,,,,,,,,,,,,,,,291.0250299,306.4298195,319.015609,327.8942929,362.6395544,392.3759523,377.4709924,373.495326,358.8038215,362.6372702,388.8440426,516.8667453,550.7349737,603.4913802,685.4583791,727.1919287,820.2626664,880.1234718,860.7511646
"Korea, Rep.",KOR,Health expenditure per capita (current US$),SH.XPD.PCAP,,,,,,,,,,,,,,,,,,,,,,,,,,,,,,,,,,,,452.4409481,508.6799467,468.7045568,320.3840745,436.9684396,504.4133869,535.2673265,589.3443169,699.6840617,788.7284446,992.7468437,1202.314111,1383.496558,1262.644678,1219.150088,1506.475247,1661.909047,1724.451345,1880.044545
Kosovo,,Health expenditure per capita (current US$),SH.XPD.PCAP,,,,,,,,,,,,,,,,,,,,,,,,,,,,,,,,,,,,,,,,,,,,,,,,,,,,,,
Kuwait,KWT,Health expenditure per capita (current US$),SH.XPD.PCAP,,,,,,,,,,,,,,,,,,,,,,,,,,,,,,,,,,,,644.74664,688.4158399,685.3892049,668.4559919,605.2454885,494.4553858,633.7967934,661.2184738,728.0046566,743.1606131,833.8483835,943.1584379,953.5384529,1049.382861,1462.902033,1116.457371,1348.660749,1446.055501,1507.213644
Latin America & Caribbean (developing only),LAC,Health expenditure per capita (current US$),SH.XPD.PCAP,,,,,,,,,,,,,,,,,,,,,,,,,,,,,,,,,,,,235.1588782,251.4451649,273.0278026,270.3149263,247.864823,265.0508311,260.5071898,220.3413471,228.0598897,260.6687902,333.494645,389.5495604,467.1555472,543.2307857,542.7598597,653.66839,722.0395156,720.9054248,746.3526733
Lao PDR,LAO,Health expenditure per capita (current US$),SH.XPD.PCAP,,,,,,,,,,,,,,,,,,,,,,,,,,,,,,,,,,,,15.01179042,17.2989793,21.64877124,15.78886924,10.21582453,10.67916077,13.09676375,12.81222744,17.67371393,19.03046181,20.3552112,25.00811504,29.19491847,23.93188277,33.60276321,26.48306143,26.72223139,27.09273631,32.40633912
Lebanon,LBN,Health expenditure per capita (current US$),SH.XPD.PCAP,,,,,,,,,,,,,,,,,,,,,,,,,,,,,,,,,,,,525.3665851,644.5052041,661.7046184,634.1530689,599.3328954,579.0584432,571.4693621,545.6169168,498.0175058,457.4207826,419.6940534,442.7061894,480.0292746,529.0256724,606.9329345,622.3757358,638.4802817,663.4296316,631.4753876
Liberia,LBR,Health expenditure per capita (current US$),SH.XPD.PCAP,,,,,,,,,,,,,,,,,,,,,,,,,,,,,,,,,,,,,,,8.328507495,9.728532526,10.81766192,11.00431381,9.471519585,4.501220736,12.86755935,13.32028646,18.42379768,21.47498193,27.36869302,42.78431556,37.56946137,45.55504564,38.96257428,44.37104005
Libya,LBY,Health expenditure per capita (current US$),SH.XPD.PCAP,,,,,,,,,,,,,,,,,,,,,,,,,,,,,,,,,,,,195.3179679,216.6575478,232.9916861,232.7867099,240.8925958,253.2641575,262.8217418,187.4487797,196.6124638,209.212748,219.7956148,243.0231909,284.6588162,331.0882186,365.0054427,409.0335885,317.2114464,669.1427957,432.8442303
St. Lucia,LCA,Health expenditure per capita (current US$),SH.XPD.PCAP,,,,,,,,,,,,,,,,,,,,,,,,,,,,,,,,,,,,181.0672956,208.7229019,198.6205432,220.7504884,247.1946813,272.0926721,278.3260518,289.0910982,299.026093,330.1157148,347.5233878,394.5723465,456.1302806,506.9231067,541.3570838,530.0716105,518.0003258,573.2822227,621.2700329
Latin America & Caribbean (all income levels),LCN,Health expenditure per capita (current US$),SH.XPD.PCAP,,,,,,,,,,,,,,,,,,,,,,,,,,,,,,,,,,,,242.4036174,258.3887118,279.422844,277.5451223,255.4607614,271.8883391,266.7343576,226.2513868,233.907914,267.7440624,340.8561324,397.4298784,475.2787188,551.8276236,552.1981709,663.7630341,734.3448703,736.3197688,764.9764731
Least developed countries: UN classification,LDC,Health expenditure per capita (current US$),SH.XPD.PCAP,,,,,,,,,,,,,,,,,,,,,,,,,,,,,,,,,,,,11.81154884,11.43614435,11.10624127,11.1928579,11.49215802,12.31100476,12.02024819,12.63782425,14.64806828,17.24299954,19.31520364,23.18661045,27.16165657,34.35353205,35.45452611,37.91861691,41.08358614,42.62388666,46.87105941
Low income,LIC,Health expenditure per capita (current US$),SH.XPD.PCAP,,,,,,,,,,,,,,,,,,,,,,,,,,,,,,,,,,,,9.745668056,10.35991757,9.752927229,10.15130991,10.3990054,11.20355147,10.36453885,10.97044281,12.18329456,13.77852016,15.48802733,17.32283686,20.08163892,23.8905912,25.64479667,28.67512675,31.00475139,32.7754362,35.60858358
Liechtenstein,LIE,Health expenditure per capita (current US$),SH.XPD.PCAP,,,,,,,,,,,,,,,,,,,,,,,,,,,,,,,,,,,,,,,,,,,,,,,,,,,,,,
Sri Lanka,LKA,Health expenditure per capita (current US$),SH.XPD.PCAP,,,,,,,,,,,,,,,,,,,,,,,,,,,,,,,,,,,,24.48774371,26.09399151,27.20078652,31.3411984,30.36502012,32.39991347,31.20836514,34.23005231,37.96640024,44.33510983,49.2228217,56.65819613,58.76626993,67.97539598,68.24000685,81.95917606,92.81296978,87.50730713,102.4953403
Lower middle income,LMC,Health expenditure per capita (current US$),SH.XPD.PCAP,,,,,,,,,,,,,,,,,,,,,,,,,,,,,,,,,,,,23.03842106,25.34548426,27.04339844,26.14884432,23.8920022,24.70920741,25.61393323,26.54407347,30.78034329,35.41731963,40.59164019,46.52065101,56.61216855,63.09508345,63.21233181,72.91022622,81.81088614,83.76744727,88.2619168
Low & middle income,LMY,Health expenditure per capita (current US$),SH.XPD.PCAP,,,,,,,,,,,,,,,,,,,,,,,,,,,,,,,,,,,,50.52211734,55.43071041,60.03296975,60.39202503,58.84245212,63.01730203,64.14390626,60.24669874,67.72162089,78.92140201,94.07559496,107.9092627,130.2427946,156.1320487,163.1191857,188.7358276,216.4170413,229.8992932,243.7145544
Lesotho,LSO,Health expenditure per capita (current US$),SH.XPD.PCAP,,,,,,,,,,,,,,,,,,,,,,,,,,,,,,,,,,,,36.55307805,34.38905313,32.06169338,30.81330468,29.45237891,28.7319197,28.41919137,24.06317946,36.38973948,44.96186793,44.73305959,52.40916337,69.16512432,73.18916696,84.30956679,118.1303362,145.8656501,137.8057789,123.4244882
Lithuania,LTU,Health expenditure per capita (current US$),SH.XPD.PCAP,,,,,,,,,,,,,,,,,,,,,,,,,,,,,,,,,,,,99.3272927,130.1521438,161.9983278,192.0269512,192.4106129,211.4416056,219.4547118,265.0142367,354.4696516,378.8827875,453.5880521,570.0905851,754.4142372,980.8057673,879.7372895,828.8363145,967.6413977,939.0414894,965.5638434
Luxembourg,LUX,Health expenditure per capita (current US$),SH.XPD.PCAP,,,,,,,,,,,,,,,,,,,,,,,,,,,,,,,,,,,,2841.605603,2830.062261,2489.74215,2598.890824,2891.013175,3500.00498,3405.294987,4202.193602,4987.753408,6158.312301,6488.072391,7029.829542,7241.269477,8317.486007,8134.505932,7964.455605,8390.716118,7550.705391,7979.892508
Latvia,LVA,Health expenditure per capita (current US$),SH.XPD.PCAP,,,,,,,,,,,,,,,,,,,,,,,,,,,,,,,,,,,,114.6510827,140.0365899,159.3656291,175.0270316,195.3249046,196.0865647,215.4515071,250.079369,298.3100381,392.9897352,451.7124233,606.1647496,909.8968879,1012.364916,817.9257009,745.1270542,837.617666,819.5422828,873.5569946
"Macao SAR, China",MAC,Health expenditure per capita (current US$),SH.XPD.PCAP,,,,,,,,,,,,,,,,,,,,,,,,,,,,,,,,,,,,,,,,,,,,,,,,,,,,,,
St. Martin (French part),MAF,Health expenditure per capita (current US$),SH.XPD.PCAP,,,,,,,,,,,,,,,,,,,,,,,,,,,,,,,,,,,,,,,,,,,,,,,,,,,,,,
Morocco,MAR,Health expenditure per capita (current US$),SH.XPD.PCAP,,,,,,,,,,,,,,,,,,,,,,,,,,,,,,,,,,,,48.04377087,51.72104502,49.46654151,55.22651619,55.80724198,53.90797216,57.69673278,73.19686127,88.43679425,99.48296558,99.93990124,113.0309911,134.3006856,155.5053099,164.7028382,168.0696917,185.3282951,180.9951729,189.2031878
Monaco,MCO,Health expenditure per capita (current US$),SH.XPD.PCAP,,,,,,,,,,,,,,,,,,,,,,,,,,,,,,,,,,,,3093.24637,2991.42559,2863.787481,2889.191292,3074.524334,2683.879036,2715.938591,2986.540366,4215.781632,4900.656793,4976.425828,5097.46753,5672.412119,6627.074145,6479.486243,6411.378362,6853.292025,6521.114107,6992.509699
Moldova,MDA,Health expenditure per capita (current US$),SH.XPD.PCAP,,,,,,,,,,,,,,,,,,,,,,,,,,,,,,,,,,,,30.02743236,40.14913409,42.22950815,35.72680964,18.90233611,23.45404729,59.25428528,53.47987826,53.48168215,61.24630235,75.84668823,100.8081616,134.269412,193.7538161,189.0509055,190.2355453,224.2477849,240.7990064,263.262983
Madagascar,MDG,Health expenditure per capita (current US$),SH.XPD.PCAP,,,,,,,,,,,,,,,,,,,,,,,,,,,,,,,,,,,,9.686585264,12.85734523,11.63633547,11.29852764,10.87830115,12.2575423,13.99550092,13.49199613,15.277084,11.8759278,13.4014746,14.4788778,18.89270651,20.30956599,18.74025476,20.6387652,18.21623995,14.80492034,19.63139425
Maldives,MDV,Health expenditure per capita (current US$),SH.XPD.PCAP,,,,,,,,,,,,,,,,,,,,,,,,,,,,,,,,,,,,92.97602067,114.4127566,126.6246874,131.7599451,144.6507412,161.7336037,153.3709019,152.0731993,199.3332247,217.2772688,234.8664711,287.0108561,314.7415642,475.4417416,474.62373,379.2077152,525.2364005,710.1386343,720.4603931
Middle East & North Africa (all income levels),MEA,Health expenditure per capita (current US$),SH.XPD.PCAP,,,,,,,,,,,,,,,,,,,,,,,,,,,,,,,,,,,,90.48285848,93.49321376,102.9893668,135.8763418,150.7958933,170.775106,187.5473338,144.5047092,148.0150392,163.2376351,183.4832638,204.7301268,238.4677464,290.7596472,315.8009819,335.6788362,384.1242442,420.1561534,405.9036095
Mexico,MEX,Health expenditure per capita (current US$),SH.XPD.PCAP,,,,,,,,,,,,,,,,,,,,,,,,,,,,,,,,,,,,177.2120825,184.1060643,224.7720762,236.9586617,278.3587691,328.4828894,372.8344109,396.4915923,397.4513729,440.5838884,478.4372657,515.0293096,564.8846521,598.3377996,525.7222678,603.3524236,608.776126,618.2605546,664.3426076
Marshall Islands,MHL,Health expenditure per capita (current US$),SH.XPD.PCAP,,,,,,,,,,,,,,,,,,,,,,,,,,,,,,,,,,,,373.6553361,411.9355616,407.6050626,384.7435582,374.430905,465.6248178,411.9436185,418.008009,411.0788007,448.8001586,461.9187333,547.4184256,587.3938552,569.0613852,551.1392201,542.4052665,566.4673626,589.4601018,630.0742274
Middle income,MIC,Health expenditure per capita (current US$),SH.XPD.PCAP,,,,,,,,,,,,,,,,,,,,,,,,,,,,,,,,,,,,55.77239763,61.25995389,66.59808706,67.04614707,65.32288122,70.01815726,71.48749895,67.29880633,75.75963251,88.45473886,105.7023086,121.4553088,146.892822,176.2927108,184.2991905,213.6610875,245.6067113,261.2827584,277.3494779
"Macedonia, FYR",MKD,Health expenditure per capita (current US$),SH.XPD.PCAP,,,,,,,,,,,,,,,,,,,,,,,,,,,,,,,,,,,,197.1405891,198.5983231,174.3405721,182.5462902,158.9491267,152.9153655,140.992533,170.023258,212.2268432,230.4279112,231.347716,245.6720886,272.0796526,325.1348019,301.4748198,304.3772442,331.2253372,313.6337354,312.3879955
Mali,MLI,Health expenditure per capita (current US$),SH.XPD.PCAP,,,,,,,,,,,,,,,,,,,,,,,,,,,,,,,,,,,,15.75300563,23.62037648,19.98380115,18.64751619,17.81338857,16.28597469,18.26314605,18.51171902,23.51661001,27.03553109,29.13589787,32.58820263,39.20983,44.81994071,45.28002059,46.36131985,51.22396516,42.02229848,53.28703339
Malta,MLT,Health expenditure per capita (current US$),SH.XPD.PCAP,,,,,,,,,,,,,,,,,,,,,,,,,,,,,,,,,,,,612.7196748,662.7885023,645.0142427,672.4928959,674.56537,656.3868816,679.9003352,840.7607132,1071.026295,1245.841315,1391.54819,1458.369138,1593.871605,1752.78832,1684.914445,1715.039849,2187.346001,1851.842119,1993.606243
Myanmar,MMR,Health expenditure per capita (current US$),SH.XPD.PCAP,,,,,,,,,,,,,,,,,,,,,,,,,,,,,,,,,,,,2.37873178,2.351001111,1.798486674,1.867934975,2.40722882,3.143107585,2.432176977,2.785577522,3.679064745,4.544717642,4.722479721,5.344694479,6.918939578,9.799316125,13.15271626,15.18997346,18.99220536,19.79217352,14.40354357
Middle East & North Africa (developing only),MNA,Health expenditure per capita (current US$),SH.XPD.PCAP,,,,,,,,,,,,,,,,,,,,,,,,,,,,,,,,,,,,64.79366885,68.1378224,76.94376037,85.23051879,97.13173901,111.9472382,127.5260372,81.72575821,80.55456527,93.22335138,105.6909968,118.0470427,144.1852891,187.4951084,204.6926169,223.4840055,251.4475979,277.6368131,259.5558037
Montenegro,MNE,Health expenditure per capita (current US$),SH.XPD.PCAP,,,,,,,,,,,,,,,,,,,,,,,,,,,,,,,,,,,,140.5321317,103.3916228,102.7696218,104.8920658,102.3395063,117.8497602,156.082427,175.0129623,248.1353395,285.4869017,310.2866528,350.4883988,400.8880486,449.9691817,407.7508561,458.0093418,502.2832326,472.1062197,461.2600429
Mongolia,MNG,Health expenditure per capita (current US$),SH.XPD.PCAP,,,,,,,,,,,,,,,,,,,,,,,,,,,,,,,,,,,,19.90697258,20.60829888,18.43434961,19.27559406,17.96994822,22.098674,24.1892654,27.51859629,47.66294757,55.82526835,59.7906561,71.59581601,92.79065209,135.7429475,110.5450619,143.2101886,189.9358159,231.9426186,243.7591211
Northern Mariana Islands,MNP,Health expenditure per capita (current US$),SH.XPD.PCAP,,,,,,,,,,,,,,,,,,,,,,,,,,,,,,,,,,,,,,,,,,,,,,,,,,,,,,
Mozambique,MOZ,Health expenditure per capita (current US$),SH.XPD.PCAP,,,,,,,,,,,,,,,,,,,,,,,,,,,,,,,,,,,,7.59852418,8.432461721,10.4312388,11.26734953,13.47117198,14.53146241,12.24047045,14.02346261,15.00885073,16.48376219,21.50368698,21.40804877,21.59631154,23.86833619,24.95913286,23.13721063,33.58610227,33.30829556,40.25548427
Mauritania,MRT,Health expenditure per capita (current US$),SH.XPD.PCAP,,,,,,,,,,,,,,,,,,,,,,,,,,,,,,,,,,,,28.1132817,22.37993762,22.10019513,24.86661687,28.47424058,25.0515007,20.06543327,24.37281773,23.768154,28.1066454,29.11091831,30.0820169,35.48566577,37.99937233,39.18654799,39.15892008,39.0500106,44.41148882,
Mauritius,MUS,Health expenditure per capita (current US$),SH.XPD.PCAP,,,,,,,,,,,,,,,,,,,,,,,,,,,,,,,,,,,,129.7240237,136.5973461,127.9838844,127.8621783,127.1919751,146.2925489,147.0266028,168.4324555,193.2064259,226.7710512,231.542713,242.2887425,270.8837736,362.7745276,357.7277323,412.7111956,457.857254,439.0333636,462.5430604
Malawi,MWI,Health expenditure per capita (current US$),SH.XPD.PCAP,,,,,,,,,,,,,,,,,,,,,,,,,,,,,,,,,,,,6.898590507,10.4771354,13.21090905,9.122579533,10.49865839,9.334970289,7.472681908,10.77644662,12.57488054,16.32452303,17.49400045,21.06235784,17.73592736,25.36210868,28.7282437,33.56808399,38.80344683,32.13936473,26.21476794
Malaysia,MYS,Health expenditure per capita (current US$),SH.XPD.PCAP,,,,,,,,,,,,,,,,,,,,,,,,,,,,,,,,,,,,121.917149,132.5892407,125.1568993,94.50628369,104.8391224,121.6186786,131.7516638,140.5823612,175.0582663,184.1816501,182.8266995,225.8183884,260.2646352,293.4598336,289.2669759,349.3328676,391.1270566,418.3677254,423.4301212
North America,NAC,Health expenditure per capita (current US$),SH.XPD.PCAP,,,,,,,,,,,,,,,,,,,,,,,,,,,,,,,,,,,,3613.684392,3760.50627,3918.771446,4084.186967,4295.115543,4550.621176,4872.162852,5278.253255,5701.300143,6072.518965,6450.523372,6838.435743,7225.825037,7513.445164,7709.366473,8002.061719,8269.34369,8537.89772,8802.789307
Namibia,NAM,Health expenditure per capita (current US$),SH.XPD.PCAP,,,,,,,,,,,,,,,,,,,,,,,,,,,,,,,,,,,,131.4570892,134.6666549,141.5046386,128.3965709,127.0797554,125.910558,113.4783262,105.8586858,162.3829433,213.4414677,262.1740617,279.798907,293.781529,286.6471455,331.426949,406.8378295,481.7904342,471.7740846,422.5836885
New Caledonia,NCL,Health expenditure per capita (current US$),SH.XPD.PCAP,,,,,,,,,,,,,,,,,,,,,,,,,,,,,,,,,,,,,,,,,,,,,,,,,,,,,,
Niger,NER,Health expenditure per capita (current US$),SH.XPD.PCAP,,,,,,,,,,,,,,,,,,,,,,,,,,,,,,,,,,,,12.35052098,12.07710527,11.47338231,12.75338971,11.9406049,8.822783413,10.81768328,11.1109344,13.21105771,14.69617799,18.11457592,19.51349101,20.43776392,25.40241541,25.30310666,23.95183197,26.33806592,23.9586611,27.2330651
Nigeria,NGA,Health expenditure per capita (current US$),SH.XPD.PCAP,,,,,,,,,,,,,,,,,,,,,,,,,,,,,,,,,,,,38.42998904,53.80285396,54.41112234,61.41357833,16.25760196,17.221913,18.28546218,17.88846535,38.5117519,44.94912053,53.09534502,61.01623195,81.34835527,88.46609466,74.27829187,80.55732993,92.83372689,93.15549837,114.9669057
Nicaragua,NIC,Health expenditure per capita (current US$),SH.XPD.PCAP,,,,,,,,,,,,,,,,,,,,,,,,,,,,,,,,,,,,57.48844856,58.04424905,47.70133691,52.82478442,51.40384336,53.9859104,54.36973889,56.87495662,61.21159534,65.8843999,70.81746654,77.77449147,92.15316688,104.6124225,109.2593519,112.4237814,124.230248,144.4033098,153.4132081
Netherlands,NLD,Health expenditure per capita (current US$),SH.XPD.PCAP,,,,,,,,,,,,,,,,,,,,,,,,,,,,,,,,,,,,2261.890435,2215.267178,1973.734339,2073.679479,2111.573282,1931.791117,2079.411496,2411.355491,3248.912705,3739.439734,4261.165885,4458.82856,5149.916853,5834.186425,5739.946871,5695.658709,6047.854039,5835.93585,6144.868844
High income: nonOECD,NOC,Health expenditure per capita (current US$),SH.XPD.PCAP,,,,,,,,,,,,,,,,,,,,,,,,,,,,,,,,,,,,175.9582512,206.0480349,242.1481335,189.7897382,165.9070957,187.4038434,205.899716,225.2663879,260.9631207,306.1488622,376.9871559,467.505132,582.7403831,770.0575154,738.962151,807.0708634,961.1762327,1002.02898,1034.618367
Norway,NOR,Health expenditure per capita (current US$),SH.XPD.PCAP,,,,,,,,,,,,,,,,,,,,,,,,,,,,,,,,,,,,2698.128948,2869.27743,3025.908443,3165.809272,3337.841832,3164.813986,3340.80045,4153.81315,4951.230126,5452.961044,5961.315393,6276.091523,7351.785385,8193.608077,7637.196676,8164.474016,9260.923073,9312.051794,9714.785781
Nepal,NPL,Health expenditure per capita (current US$),SH.XPD.PCAP,,,,,,,,,,,,,,,,,,,,,,,,,,,,,,,,,,,,10.90293098,11.26711144,12.28383792,13.59237957,12.97273539,12.44269944,13.26595691,13.6228166,14.34903952,16.88085061,18.68680361,19.74376871,23.28065347,27.1056574,28.72972051,35.62231116,41.41979479,35.8527834,39.0262313
New Zealand,NZL,Health expenditure per capita (current US$),SH.XPD.PCAP,,,,,,,,,,,,,,,,,,,,,,,,,,,,,,,,,,,,1202.80554,1291.822256,1307.638077,1129.676408,1157.641127,1056.080267,1058.841511,1261.337962,1623.884325,1992.664357,2307.096912,2315.654123,2713.535143,2838.814457,2727.111118,3285.484382,3733.142786,3953.781635,4063.20516
High income: OECD,OEC,Health expenditure per capita (current US$),SH.XPD.PCAP,,,,,,,,,,,,,,,,,,,,,,,,,,,,,,,,,,,,2459.302546,2498.070436,2445.600453,2490.944296,2626.26901,2680.044538,2768.6385,2988.704449,3394.83631,3731.068881,3946.356237,4147.270887,4499.4037,4828.461392,4893.803243,5050.752305,5355.196988,5373.168978,5432.06833
OECD members,OED,Health expenditure per capita (current US$),SH.XPD.PCAP,,,,,,,,,,,,,,,,,,,,,,,,,,,,,,,,,,,,2118.197132,2149.762467,2106.424876,2146.500258,2264.11065,2312.353475,2386.868004,2575.704862,2921.152053,3211.064144,3398.062539,3571.21687,3878.060617,4159.844196,4196.943008,4335.051341,4586.648306,4597.028643,4649.059202
Oman,OMN,Health expenditure per capita (current US$),SH.XPD.PCAP,,,,,,,,,,,,,,,,,,,,,,,,,,,,,,,,,,,,230.8961662,246.8701865,241.192713,237.4576734,253.3724735,272.584322,267.7489853,277.4034657,287.251196,299.0518757,318.7794389,337.0179807,401.7276036,480.6268044,520.1990556,578.0761056,574.1072533,604.5136445,677.6868425
Other small states,OSS,Health expenditure per capita (current US$),SH.XPD.PCAP,,,,,,,,,,,,,,,,,,,,,,,,,,,,,,,,,,,,82.73276667,83.57761743,82.88588632,81.80143555,79.96741693,79.89957642,81.36524817,86.48338137,105.5659866,130.8328918,146.142293,155.8774815,173.1651913,199.7845086,212.4566776,239.4878799,270.2434812,269.3456273,262.8137462
Pakistan,PAK,Health expenditure per capita (current US$),SH.XPD.PCAP,,,,,,,,,,,,,,,,,,,,,,,,,,,,,,,,,,,,15.20935872,15.18308581,14.80219628,15.63464034,15.69154237,14.96093162,13.07494253,14.89117671,15.76849452,17.56362919,21.96347795,28.81911712,31.12069423,29.48426997,27.91304924,30.39762696,36.12139134,33.75079327,36.87768441
Panama,PAN,Health expenditure per capita (current US$),SH.XPD.PCAP,,,,,,,,,,,,,,,,,,,,,,,,,,,,,,,,,,,,221.3997513,237.9087057,249.8879333,264.1232825,262.3188478,295.3373235,292.5482502,310.0253268,303.4739825,347.1037603,343.827811,349.9188714,381.5700449,472.6909846,542.0600897,630.4071541,667.2648827,723.2500702,796.076112
Peru,PER,Health expenditure per capita (current US$),SH.XPD.PCAP,,,,,,,,,,,,,,,,,,,,,,,,,,,,,,,,,,,,97.03572157,99.82744936,100.4875735,98.59616798,95.44934628,94.66029944,97.56734996,100.6134162,100.2944146,111.0475284,127.5810297,138.5889803,165.2207596,200.9822825,224.6215194,255.4408264,283.8362861,332.6390938,354.2768812
Philippines,PHL,Health expenditure per capita (current US$),SH.XPD.PCAP,,,,,,,,,,,,,,,,,,,,,,,,,,,,,,,,,,,,36.72942135,41.22143316,40.94851268,31.04836705,35.27786837,33.48617009,28.83610994,28.05091128,32.98370603,35.01783174,47.0055363,55.27671905,65.40749817,76.13256762,78.09975449,90.34522843,101.159572,114.5494265,121.5959221
Palau,PLW,Health expenditure per capita (current US$),SH.XPD.PCAP,,,,,,,,,,,,,,,,,,,,,,,,,,,,,,,,,,,,763.144772,859.6220209,857.6626546,761.5525804,803.8987181,908.1568791,668.4704185,663.2635183,680.5155563,787.6643529,781.9746577,847.1761653,899.2960597,903.5670837,872.2103185,967.8906009,922.436255,975.8205686,1007.539455
Papua New Guinea,PNG,Health expenditure per capita (current US$),SH.XPD.PCAP,,,,,,,,,,,,,,,,,,,,,,,,,,,,,,,,,,,,36.00686817,38.94903588,33.15111478,28.08492537,26.82719789,25.91566888,25.21451963,24.41821076,24.82702539,30.43769076,32.10158919,31.28567594,31.88425916,42.32509042,44.81205491,48.97083291,61.0582738,97.16158252,93.83476237
Poland,POL,Health expenditure per capita (current US$),SH.XPD.PCAP,,,,,,,,,,,,,,,,,,,,,,,,,,,,,,,,,,,,197.3796885,238.4773916,227.9878893,264.1425421,248.8645477,247.1410981,291.6592833,328.3830037,354.1074263,410.6202552,494.7032291,555.1225495,706.2001849,956.5199848,815.0143099,864.448614,919.767007,858.9786813,894.9166033
Puerto Rico,PRI,Health expenditure per capita (current US$),SH.XPD.PCAP,,,,,,,,,,,,,,,,,,,,,,,,,,,,,,,,,,,,,,,,,,,,,,,,,,,,,,
"Korea, Dem. Rep.",PRK,Health expenditure per capita (current US$),SH.XPD.PCAP,,,,,,,,,,,,,,,,,,,,,,,,,,,,,,,,,,,,,,,,,,,,,,,,,,,,,,
Portugal,PRT,Health expenditure per capita (current US$),SH.XPD.PCAP,,,,,,,,,,,,,,,,,,,,,,,,,,,,,,,,,,,,875.7570328,940.3188071,892.4255,933.009042,984.9286636,1063.961142,1078.849885,1183.018489,1509.124963,1778.880613,1892.756048,1926.065341,2199.070325,2439.489908,2396.752417,2352.31986,2332.351628,1999.816286,2036.773953
Paraguay,PRY,Health expenditure per capita (current US$),SH.XPD.PCAP,,,,,,,,,,,,,,,,,,,,,,,,,,,,,,,,,,,,111.7794076,121.0851562,122.8713636,110.5547166,108.8153962,124.0837536,106.8453367,79.45100715,70.76769839,81.84223295,83.13942292,102.2118115,135.8135825,168.7019292,187.4325956,273.0417525,353.7081625,357.6762252,394.9596666
Pacific island small states,PSS,Health expenditure per capita (current US$),SH.XPD.PCAP,,,,,,,,,,,,,,,,,,,,,,,,,,,,,,,,,,,,89.06537098,94.85744931,97.46889453,82.18623648,89.19564841,94.48257589,88.47653251,90.34571769,102.8752655,118.2510907,133.7856463,141.0001406,154.0775713,157.3518484,156.2147051,172.9720377,179.6863082,189.7768606,196.1511226
French Polynesia,PYF,Health expenditure per capita (current US$),SH.XPD.PCAP,,,,,,,,,,,,,,,,,,,,,,,,,,,,,,,,,,,,,,,,,,,,,,,,,,,,,,
Qatar,QAT,Health expenditure per capita (current US$),SH.XPD.PCAP,,,,,,,,,,,,,,,,,,,,,,,,,,,,,,,,,,,,601.5522767,640.5784491,679.4395368,635.2392665,629.2020316,651.5373885,732.2887767,833.2766277,1475.904146,1588.631154,1633.677014,1625.192295,1599.503591,1589.882929,1646.86006,1496.32075,1738.003229,2028.81321,2042.97202
Romania,ROU,Health expenditure per capita (current US$),SH.XPD.PCAP,,,,,,,,,,,,,,,,,,,,,,,,,,,,,,,,,,,,53.28660213,52.65654401,66.32548437,69.66704014,67.53149262,72.61456341,79.1604437,96.65908781,146.699561,191.8688978,254.2152098,293.6199842,423.149888,541.4711243,454.5823838,482.9457049,507.6780553,467.644426,503.8149356
Russian Federation,RUS,Health expenditure per capita (current US$),SH.XPD.PCAP,,,,,,,,,,,,,,,,,,,,,,,,,,,,,,,,,,,,113.0717423,146.6851286,194.1695879,121.4286397,77.09515438,95.95276203,118.8252522,141.854579,167.024123,213.0499643,276.3154448,366.7124919,488.4124309,709.073373,636.6818345,734.7119415,894.7951545,912.7322343,956.8452303
Rwanda,RWA,Health expenditure per capita (current US$),SH.XPD.PCAP,,,,,,,,,,,,,,,,,,,,,,,,,,,,,,,,,,,,9.746050152,10.33914107,12.63976302,14.09022966,10.58444254,8.721986496,8.373454341,7.793769601,12.82847894,14.09739522,18.76067285,32.25092367,37.46525409,46.1342292,50.65343816,57.89095379,64.28292492,69.89362509,70.51125166
South Asia,SAS,Health expenditure per capita (current US$),SH.XPD.PCAP,,,,,,,,,,,,,,,,,,,,,,,,,,,,,,,,,,,,15.57366203,15.72618075,17.4096693,17.63277378,17.52325597,18.53171137,19.41838238,19.79035033,22.0724724,26.37709319,28.98708244,31.37739672,37.39203469,39.98445755,41.25439967,48.59433935,54.70363004,52.65622171,55.99086456
Saudi Arabia,SAU,Health expenditure per capita (current US$),SH.XPD.PCAP,,,,,,,,,,,,,,,,,,,,,,,,,,,,,,,,,,,,224.699525,245.1294653,261.8374668,250.4306465,336.2639967,396.1977835,393.2520394,369.1451717,375.7495492,388.1107486,453.5052357,525.3113519,556.7686635,561.7089678,649.4852778,668.0992361,851.5677571,992.469229,807.8386049
Sudan,SDN,Health expenditure per capita (current US$),SH.XPD.PCAP,,,,,,,,,,,,,,,,,,,,,,,,,,,,,,,,,,,,20.79387395,14.49217109,16.72451103,16.99555853,14.98540024,14.98265637,16.40706047,18.20294167,22.55961407,28.85291365,34.49186743,54.49185734,84.50212948,117.7065813,113.2363869,119.8713214,120.552162,113.3145745,114.952551
Senegal,SEN,Health expenditure per capita (current US$),SH.XPD.PCAP,,,,,,,,,,,,,,,,,,,,,,,,,,,,,,,,,,,,22.033611,23.1425784,20.08667822,21.25211482,24.01097997,21.97763845,23.9980859,25.99764227,34.69458742,41.60080012,41.36590436,43.98256205,44.75743442,53.97885698,48.95688565,46.15929642,47.84719329,44.11699871,45.55036602
Singapore,SGP,Health expenditure per capita (current US$),SH.XPD.PCAP,,,,,,,,,,,,,,,,,,,,,,,,,,,,,,,,,,,,740.8035352,771.7522915,766.3859292,712.3023473,635.5011179,661.797807,525.7054459,632.043755,826.2507309,826.2818933,1057.772554,1166.638359,1308.62436,1545.7187,1650.538604,1833.327851,2081.408791,2287.064684,2507.433928
Solomon Islands,SLB,Health expenditure per capita (current US$),SH.XPD.PCAP,,,,,,,,,,,,,,,,,,,,,,,,,,,,,,,,,,,,46.93884135,46.19142675,49.08999241,42.57344684,45.71640398,48.12268204,60.92367741,47.84744523,44.75884891,46.21528017,69.09626806,63.30813485,67.10613417,71.92748904,91.48676927,94.87137565,81.45231295,100.6540026,100.2731974
Sierra Leone,SLE,Health expenditure per capita (current US$),SH.XPD.PCAP,,,,,,,,,,,,,,,,,,,,,,,,,,,,,,,,,,,,24.42556779,25.8322915,24.3429705,17.98061929,19.59399969,21.18512886,29.81366967,32.51653796,33.11933389,32.96639133,37.97640623,37.18931544,39.21973064,45.27898232,55.32556115,47.1875489,58.05034538,68.94722602,95.83287407
El Salvador,SLV,Health expenditure per capita (current US$),SH.XPD.PCAP,,,,,,,,,,,,,,,,,,,,,,,,,,,,,,,,,,,,105.4291283,134.6236477,154.856539,168.0163203,167.555107,175.9924657,180.4428914,182.6861622,182.4874142,190.5471497,202.3994369,203.1479552,207.3570116,216.4520064,228.2588664,238.0972389,251.7994842,253.5289814,265.7710897
San Marino,SMR,Health expenditure per capita (current US$),SH.XPD.PCAP,,,,,,,,,,,,,,,,,,,,,,,,,,,,,,,,,,,,2324.359955,2348.44622,2163.006792,2285.380778,2393.399453,2166.423759,2190.398212,2928.151889,2875.966422,3414.693517,3460.661057,3514.612637,3958.482154,4092.234932,3568.977171,3335.091977,3636.131929,3876.505202,3847.196861
Somalia,SOM,Health expenditure per capita (current US$),SH.XPD.PCAP,,,,,,,,,,,,,,,,,,,,,,,,,,,,,,,,,,,,,,,,,,,,,,,,,,,,,,
Serbia,SRB,Health expenditure per capita (current US$),SH.XPD.PCAP,,,,,,,,,,,,,,,,,,,,,,,,,,,,,,,,,,,,95.12538756,164.428997,185.9737787,132.2066994,81.41341901,63.7280239,111.7002433,173.4547808,230.8549911,273.0126976,304.7583286,373.1608489,549.4721979,672.1070102,576.4296918,540.1105658,624.3343824,556.321347,474.7668918
Sub-Saharan Africa (developing only),SSA,Health expenditure per capita (current US$),SH.XPD.PCAP,,,,,,,,,,,,,,,,,,,,,,,,,,,,,,,,,,,,38.19200098,41.68377101,42.9248907,42.85336353,34.03352026,32.72184461,30.8190289,29.65706784,42.77053057,53.28080148,59.58939081,64.80987186,71.93060033,77.82705502,77.79339112,88.40811786,96.54693635,96.12327055,101.0206537
South Sudan,SSD,Health expenditure per capita (current US$),SH.XPD.PCAP,,,,,,,,,,,,,,,,,,,,,,,,,,,,,,,,,,,,,,,,,,,,,,,,,33.80552562,29.61613972,32.01725487,28.78077532,25.21659927,18.07399793
Sub-Saharan Africa (all income levels),SSF,Health expenditure per capita (current US$),SH.XPD.PCAP,,,,,,,,,,,,,,,,,,,,,,,,,,,,,,,,,,,,38.17538004,41.66853634,42.91441247,42.84510701,34.03358809,32.74008207,30.83365417,29.68786355,42.81556907,53.38597173,59.71317247,64.98617562,72.16919115,78.21014402,78.33556985,88.86245981,97.06516169,96.68092223,101.5313164
Small states,SST,Health expenditure per capita (current US$),SH.XPD.PCAP,,,,,,,,,,,,,,,,,,,,,,,,,,,,,,,,,,,,107.5299715,113.5550673,120.7949846,119.4806614,120.3642701,126.0917555,127.7503493,135.5263253,153.5146338,179.4547714,198.4047976,212.9630224,242.3888752,276.0470543,279.5733094,297.6407969,328.3592732,329.8153141,326.6725426
Sao Tome and Principe,STP,Health expenditure per capita (current US$),SH.XPD.PCAP,,,,,,,,,,,,,,,,,,,,,,,,,,,,,,,,,,,,57.80807949,68.81281417,54.30511979,37.28371481,45.42669406,46.04314591,52.35917723,59.22183377,78.3403833,79.13032876,80.74372892,68.17573841,65.8904383,74.96285361,94.07371467,85.9657306,108.2674097,109.2333505,109.9755682
Suriname,SUR,Health expenditure per capita (current US$),SH.XPD.PCAP,,,,,,,,,,,,,,,,,,,,,,,,,,,,,,,,,,,,81.50579697,144.4007737,160.4251815,178.4613349,134.9457043,166.8762258,135.5142971,160.6500803,172.9170312,206.8607153,243.3071605,323.2175121,340.8151063,433.6247848,507.7798838,539.6220598,551.3151764,437.0784723,444.7068083
Slovak Republic,SVK,Health expenditure per capita (current US$),SH.XPD.PCAP,,,,,,,,,,,,,,,,,,,,,,,,,,,,,,,,,,,,221.7601187,253.7534099,230.0493742,234.9227856,218.4250413,207.8407604,216.0562964,256.0636433,360.2313518,566.2724615,628.103595,763.1573965,1082.046557,1406.448153,1483.389489,1377.726396,1414.966856,1376.857388,1454.08433
Slovenia,SVN,Health expenditure per capita (current US$),SH.XPD.PCAP,,,,,,,,,,,,,,,,,,,,,,,,,,,,,,,,,,,,784.9498208,811.8199236,797.5120233,856.0693728,879.6464548,831.0694776,882.7038678,1000.165567,1281.131183,1435.094078,1519.54977,1636.725018,1880.510412,2297.773175,2271.081726,2083.05919,2225.154967,2068.5189,2084.590974
Sweden,SWE,Health expenditure per capita (current US$),SH.XPD.PCAP,,,,,,,,,,,,,,,,,,,,,,,,,,,,,,,,,,,,2291.806067,2565.394013,2297.715854,2336.585565,2396.258072,2282.45519,2267.833586,2599.506643,3277.396801,3666.47387,3726.565818,3947.08523,4525.765742,4886.129047,4357.236367,4694.463411,5403.335846,5292.871718,5680.33351
Swaziland,SWZ,Health expenditure per capita (current US$),SH.XPD.PCAP,,,,,,,,,,,,,,,,,,,,,,,,,,,,,,,,,,,,87.46728536,87.96816197,87.27136247,84.40431928,78.70496671,75.3183471,64.22271646,58.31734737,97.23552937,130.0965268,159.0420002,179.6177976,189.6986242,214.4726825,227.1680872,259.5895145,272.6909035,264.9461829,256.1141736
Sint Maarten (Dutch part),SXM,Health expenditure per capita (current US$),SH.XPD.PCAP,,,,,,,,,,,,,,,,,,,,,,,,,,,,,,,,,,,,,,,,,,,,,,,,,,,,,,
Seychelles,SYC,Health expenditure per capita (current US$),SH.XPD.PCAP,,,,,,,,,,,,,,,,,,,,,,,,,,,,,,,,,,,,336.3581727,336.6244773,410.1885617,391.202544,402.2224886,355.9362207,341.6293385,355.2662987,388.8586817,407.8068136,411.704028,427.6992887,385.0438831,283.7866255,246.6117199,382.2130945,392.7227709,501.5605599,550.8454838
Syrian Arab Republic,SYR,Health expenditure per capita (current US$),SH.XPD.PCAP,,,,,,,,,,,,,,,,,,,,,,,,,,,,,,,,,,,,51.09121758,58.56628525,57.86837504,55.26827674,57.19600801,57.83375977,56.88287588,57.17514573,61.09364334,61.72968288,63.66085837,66.68896576,78.41412182,87.00566027,91.00303662,91.55207875,96.86619926,73.03564924,42.74341733
Turks and Caicos Islands,TCA,Health expenditure per capita (current US$),SH.XPD.PCAP,,,,,,,,,,,,,,,,,,,,,,,,,,,,,,,,,,,,,,,,,,,,,,,,,,,,,,
Chad,TCD,Health expenditure per capita (current US$),SH.XPD.PCAP,,,,,,,,,,,,,,,,,,,,,,,,,,,,,,,,,,,,11.96988157,12.23097225,11.47328269,12.22367975,11.24980558,10.4726775,11.94508035,17.76612092,16.98753469,25.51673907,28.05002859,28.97603593,29.67726193,30.20844748,28.18912893,30.31804702,39.20042217,37.05006114,37.20064104
Togo,TGO,Health expenditure per capita (current US$),SH.XPD.PCAP,,,,,,,,,,,,,,,,,,,,,,,,,,,,,,,,,,,,16.48833052,17.45353818,17.11166706,16.00199059,15.63841549,14.08853246,13.75266384,14.23858913,17.74828383,21.13635492,25.00738932,24.91175197,28.08371769,34.18867116,37.02984044,39.75221635,45.61008552,48.11349946,54.44793633
Thailand,THA,Health expenditure per capita (current US$),SH.XPD.PCAP,,,,,,,,,,,,,,,,,,,,,,,,,,,,,,,,,,,,100.5975218,117.3282846,100.1632455,68.60557662,69.57516997,66.83973518,60.73746219,73.58516994,79.22817986,87.10609346,95.45400641,109.8060701,133.2189087,161.5873732,163.6318219,182.9378481,213.9079121,246.8289473,264.3462976
Tajikistan,TJK,Health expenditure per capita (current US$),SH.XPD.PCAP,,,,,,,,,,,,,,,,,,,,,,,,,,,,,,,,,,,,3.010293416,5.527835758,5.641498619,7.813229834,6.912633059,7.228177638,7.807856782,8.485234237,10.63098155,15.78251402,19.96296132,23.14368852,27.95140981,39.62642502,39.27129018,44.69031216,49.76818831,60.5922848,69.97536535
Turkmenistan,TKM,Health expenditure per capita (current US$),SH.XPD.PCAP,,,,,,,,,,,,,,,,,,,,,,,,,,,,,,,,,,,,43.02047946,17.47230592,30.66873646,32.75487667,33.64737492,43.98185755,58.97969588,63.12474371,94.70499217,121.9100001,126.9808465,129.3440393,115.3473432,83.59906533,76.39569622,87.29381562,113.4420566,128.2577639,157.5401463
Timor-Leste,TLS,Health expenditure per capita (current US$),SH.XPD.PCAP,,,,,,,,,,,,,,,,,,,,,,,,,,,,,,,,,,,,,,,,,17.7876594,19.60577321,19.35385779,17.31580414,20.50720828,26.49818652,40.45135806,33.69927087,47.07988395,41.79316578,36.47100101,37.8245703,68.04199959,58.89042923
Tonga,TON,Health expenditure per capita (current US$),SH.XPD.PCAP,,,,,,,,,,,,,,,,,,,,,,,,,,,,,,,,,,,,87.21571873,96.18035473,98.39065464,91.96314235,102.7538132,91.5477696,95.88499024,92.28848091,105.9196859,114.5636233,167.1882488,158.8741907,165.6793365,169.4351991,145.0530632,163.4583381,172.214705,196.6773989,203.8741578
Trinidad and Tobago,TTO,Health expenditure per capita (current US$),SH.XPD.PCAP,,,,,,,,,,,,,,,,,,,,,,,,,,,,,,,,,,,,199.2038509,198.2118773,189.3014234,176.8109817,228.938247,260.3024271,305.063243,352.3508959,448.5727864,521.6479872,647.6725322,624.935456,790.2709474,923.9963655,886.9586359,805.176147,936.564832,958.3457652,964.5160388
Tunisia,TUN,Health expenditure per capita (current US$),SH.XPD.PCAP,,,,,,,,,,,,,,,,,,,,,,,,,,,,,,,,,,,,129.1170227,127.2595062,115.4042311,125.9098891,131.6957188,121.2934317,120.9523301,126.2598163,149.373139,176.3498857,178.7422598,190.9735272,213.6732032,242.9625432,255.6628515,277.6787043,299.5060734,292.2712602,308.5648468
Turkey,TUR,Health expenditure per capita (current US$),SH.XPD.PCAP,,,,,,,,,,,,,,,,,,,,,,,,,,,,,,,,,,,,93.23352723,113.5748933,125.9879929,149.6849817,180.9266551,197.2223695,148.9699149,180.9460172,231.8532576,297.9034186,367.5045892,425.4184771,560.6174268,628.5030144,522.4338158,565.602565,555.6092576,568.9683395,607.7082196
Tuvalu,TUV,Health expenditure per capita (current US$),SH.XPD.PCAP,,,,,,,,,,,,,,,,,,,,,,,,,,,,,,,,,,,,101.7416744,152.1980343,116.7870255,114.6175179,130.9447479,160.6979851,128.5594705,116.1576773,410.449251,370.7180473,402.6010435,447.290081,462.6451946,409.8713928,353.6885067,543.6924245,671.1396974,559.2313964,704.074452
Tanzania,TZA,Health expenditure per capita (current US$),SH.XPD.PCAP,,,,,,,,,,,,,,,,,,,,,,,,,,,,,,,,,,,,6.379204562,7.266411601,8.16173106,9.475059194,9.232062829,10.10723675,10.50673771,10.3309223,11.88947238,11.69267835,14.63705617,23.42146533,23.29149243,26.22972844,27.51657443,36.65099006,38.81606303,42.15244805,49.32111345
Uganda,UGA,Health expenditure per capita (current US$),SH.XPD.PCAP,,,,,,,,,,,,,,,,,,,,,,,,,,,,,,,,,,,,22.82945464,18.74954556,18.40879105,19.40188423,18.18010419,18.61750134,20.07670096,21.89207791,21.65711899,29.56708443,35.79886413,29.56903135,41.72840618,51.41297967,48.47768394,62.03873159,53.74690348,57.32098258,59.11807384
Ukraine,UKR,Health expenditure per capita (current US$),SH.XPD.PCAP,,,,,,,,,,,,,,,,,,,,,,,,,,,,,,,,,,,,55.84417748,61.5248537,68.16636189,55.35006754,37.58346814,35.61724954,44.26373335,54.97140812,72.71069327,90.38597408,117.4524632,146.953822,194.4154381,251.261232,197.157456,231.4101513,261.8095732,289.7601243,312.6862556
Upper middle income,UMC,Health expenditure per capita (current US$),SH.XPD.PCAP,,,,,,,,,,,,,,,,,,,,,,,,,,,,,,,,,,,,86.53701063,94.88223146,103.8488504,105.7937965,104.8215726,113.5074953,115.8135408,106.9630261,119.8577908,140.841329,170.491973,196.5844171,238.1185372,292.0081545,309.0266214,359.7631794,416.9234322,448.2483136,478.9273528
Uruguay,URY,Health expenditure per capita (current US$),SH.XPD.PCAP,,,,,,,,,,,,,,,,,,,,,,,,,,,,,,,,,,,,933.8299322,821.6165346,682.416277,775.3661248,810.8649433,772.8811886,702.7156268,448.675992,350.7151711,350.166288,430.3586228,490.8418599,558.4969469,719.6894677,813.8084788,1014.631247,1137.822705,1265.335963,1431.154046
United States,USA,Health expenditure per capita (current US$),SH.XPD.PCAP,,,,,,,,,,,,,,,,,,,,,,,,,,,,,,,,,,,,3810.254767,3972.163013,4142.70956,4328.486657,4551.94418,4817.877747,5167.73801,5607.130888,6030.038843,6401.406979,6775.930934,7155.699305,7538.259584,7825.184215,8054.450916,8298.500925,8553.07716,8845.180333,9145.828151
Uzbekistan,UZB,Health expenditure per capita (current US$),SH.XPD.PCAP,,,,,,,,,,,,,,,,,,,,,,,,,,,,,,,,,,,,30.33539377,43.11201447,45.39290152,39.25687061,38.56099088,29.34366114,24.47604837,20.72650463,20.49059207,23.84434356,28.06420856,35.49618156,48.60426818,61.11211594,75.59644064,75.66432282,90.92597642,109.6919061,119.957342
St. Vincent and the Grenadines,VCT,Health expenditure per capita (current US$),SH.XPD.PCAP,,,,,,,,,,,,,,,,,,,,,,,,,,,,,,,,,,,,109.881719,115.8171187,128.3022441,122.7670266,127.7494367,136.9366532,145.1478769,167.9068167,173.6647467,178.990773,185.3019679,217.7974886,245.9125889,299.2008526,316.9537538,293.4660712,309.1203835,339.9850528,344.9656111
"Venezuela, RB",VEN,Health expenditure per capita (current US$),SH.XPD.PCAP,,,,,,,,,,,,,,,,,,,,,,,,,,,,,,,,,,,,143.4923799,105.7063221,144.0216386,175.5294794,231.3068691,273.117306,294.5376059,207.2974638,189.5912481,238.608122,295.5320323,386.9899492,496.6693041,633.0113336,665.4301676,639.2736477,486.6875792,592.34271,496.6113127
Virgin Islands (U.S.),VIR,Health expenditure per capita (current US$),SH.XPD.PCAP,,,,,,,,,,,,,,,,,,,,,,,,,,,,,,,,,,,,,,,,,,,,,,,,,,,,,,
Vietnam,VNM,Health expenditure per capita (current US$),SH.XPD.PCAP,,,,,,,,,,,,,,,,,,,,,,,,,,,,,,,,,,,,14.15015921,16.14245301,16.74271508,16.99863872,17.50363081,20.34238944,22.34034004,21.83585123,24.79916872,29.87804973,36.47821149,46.16614466,58.10008534,62.51838,71.81365685,82.81257104,93.48559959,102.4985446,111.1695022
Vanuatu,VUT,Health expenditure per capita (current US$),SH.XPD.PCAP,,,,,,,,,,,,,,,,,,,,,,,,,,,,,,,,,,,,43.22457576,38.92080657,47.99930841,57.52268719,52.08679535,52.4997887,50.00055992,52.08723381,58.14652308,62.25969737,61.4009511,63.63380843,87.82077781,98.9917751,103.0838442,138.6533757,124.6009429,115.6496998,123.162338
West Bank and Gaza,PSE,Health expenditure per capita (current US$),SH.XPD.PCAP,,,,,,,,,,,,,,,,,,,,,,,,,,,,,,,,,,,,,,,,,,,,,,,,,,,,,,
World,WLD,Health expenditure per capita (current US$),SH.XPD.PCAP,,,,,,,,,,,,,,,,,,,,,,,,,,,,,,,,,,,,463.4987615,470.1399246,463.024565,467.7120409,484.901905,494.6532202,507.789077,536.3176299,605.4372224,666.0662215,711.0050502,753.0582701,826.2831376,899.7134779,910.1907109,952.5697583,1021.351746,1030.059248,1048.22844
Samoa,WSM,Health expenditure per capita (current US$),SH.XPD.PCAP,,,,,,,,,,,,,,,,,,,,,,,,,,,,,,,,,,,,60.90659444,62.07545527,74.25372167,75.15660037,83.01516855,79.83727116,78.61434063,82.65192031,93.10675645,106.0918309,114.1350758,129.1524519,164.3723294,153.1311219,160.4293028,201.4042366,235.7003367,243.1153864,270.7399126
"Yemen, Rep.",YEM,Health expenditure per capita (current US$),SH.XPD.PCAP,,,,,,,,,,,,,,,,,,,,,,,,,,,,,,,,,,,,39.73302124,23.71393083,19.72861203,21.78662883,21.84995573,25.66050351,27.02707955,27.85499068,35.54925103,39.00746938,43.30642315,53.18563537,59.51126329,71.67302281,68.06246882,70.21903985,67.2375275,76.43688441,74.47018794
South Africa,ZAF,Health expenditure per capita (current US$),SH.XPD.PCAP,,,,,,,,,,,,,,,,,,,,,,,,,,,,,,,,,,,,270.7782542,270.9640965,286.3386916,264.468042,267.9673442,245.6240322,223.4087018,204.335171,309.2936261,410.345237,450.4780485,455.2619412,449.4724744,436.8376896,484.2338467,614.7455098,669.5150432,651.0576569,593.4541967
"Congo, Dem. Rep.",COD,Health expenditure per capita (current US$),SH.XPD.PCAP,,,,,,,,,,,,,,,,,,,,,,,,,,,,,,,,,,,,4.366522862,4.060417889,5.000316919,5.89444087,10.68554583,18.58435876,5.976087258,4.560228318,5.617534443,6.552663199,6.963743039,8.707084628,10.33193631,14.55590748,16.94807093,14.80368626,14.86383654,15.19369768,15.91195894
Zambia,ZMB,Health expenditure per capita (current US$),SH.XPD.PCAP,,,,,,,,,,,,,,,,,,,,,,,,,,,,,,,,,,,,20.57088674,21.09947737,25.44017985,21.22142041,24.12970097,23.24595163,24.22537311,23.16014215,30.4579524,40.78147315,45.03221984,58.38337596,50.10923534,69.13386704,56.44199829,63.08554251,77.09815572,84.24439973,92.81073153
Zimbabwe,ZWE,Health expenditure per capita (current US$),SH.XPD.PCAP,,,,,,,,,,,,,,,,,,,,,,,,,,,,,,,,,,,,,,,,,,,,,,,,,,,,,,
